trade_date,prev_close,open_0930,close_1000,close_1400,close_1430,close_1500,first_bar_high,first_bar_low,first_bar_volume,day_volume,day_amount,day_close,day_open,bar_count,r1,r12,r13,overnight_gap,open_to_1000,day_return,first_bar_range,first_bar_volume_share,close_prev,sma20_prev,trend_gap20,abs_r1_median20,first_bar_volume_median20,first_bar_range_mean20,volume_share_mean20,high_vol_regime,high_first_bar_volume,range_z20,volume_share_z20,trend_dir20
2025-07-01,6.42,,6.38,6.36,6.35,6.35,,,,598318.0,380416981.0,6.35,,8,-0.006230529595015577,-0.0015723270440252124,0.0,,,-0.010903426791277315,,,6.42,,,,,,,False,False,,,0.0
2025-07-02,6.35,,6.35,6.44,6.44,6.5,,,,1310859.0,843883002.36,6.5,,8,0.0,0.0,0.009316770186335255,,,0.023622047244094446,,,6.35,,,,,,,False,False,,,0.0
2025-07-03,6.5,,6.48,6.46,6.47,6.46,,,,810140.0,524884084.65999997,6.46,,8,-0.003076923076922977,0.001547987616099089,-0.0015455950540957941,,,-0.006153846153846176,,,6.5,,,,,,,False,False,,,0.0
2025-07-04,6.46,,6.47,6.45,6.44,6.44,,,,786688.0,507693643.05,6.44,,8,0.001547987616099089,-0.0015503875968991832,0.0,,,-0.003095975232198067,,,6.46,,,,,,,False,False,,,0.0
2025-07-07,6.44,,6.56,6.53,6.53,6.52,,,,1205381.0,788025610.88,6.52,,8,0.01863354037267073,0.0,-0.0015313935681471325,,,0.012422360248447006,,,6.44,,,,,,,False,False,,,0.0
2025-07-08,6.52,,6.51,6.55,6.56,6.56,,,,934783.0,610035074.48,6.56,,8,-0.0015337423312883347,0.0015267175572519776,0.0,,,0.006134969325153339,,,6.52,,,,,,,False,False,,,0.0
2025-07-09,6.56,,6.55,6.55,6.54,6.54,,,,735917.0,481726009.99,6.54,,8,-0.0015243902439023849,-0.0015267175572518665,0.0,,,-0.0030487804878047697,,,6.56,,,,,,,False,False,,,0.0
2025-07-10,6.54,,6.63,6.7,6.78,6.76,,,,2517029.0,1686568538.74,6.76,,8,0.013761467889908285,0.011940298507462588,-0.002949852507374673,,,0.03363914373088672,,,6.54,,,,,,,False,False,,,0.0
2025-07-11,6.76,,6.73,6.77,6.78,6.76,,,,1628707.0,1099511183.46,6.76,,8,-0.004437869822485063,0.001477104874446189,-0.002949852507374673,,,0.0,,,6.76,,,,,,,False,False,,,0.0
2025-07-14,6.76,,6.7,6.66,6.67,6.66,,,,1205525.0,804732025.4,6.66,,8,-0.008875739644970349,0.0015015015015014122,-0.0014992503748125774,,,-0.014792899408283988,,,6.76,,,,,,,False,False,,,0.0
2025-07-15,6.66,,6.55,6.55,6.58,6.6,,,,1521320.0,995641915.16,6.6,,8,-0.016516516516516533,0.004580152671755711,0.003039513677811412,,,-0.009009009009009028,,,6.66,,,,,,,False,False,,,0.0
2025-07-16,6.6,,6.59,6.56,6.56,6.56,,,,849081.0,558859430.6800001,6.56,,8,-0.0015151515151514694,0.0,0.0,,,-0.0060606060606061,,,6.6,,,,,,,False,False,,,0.0
2025-07-17,6.56,,6.56,6.54,6.55,6.56,,,,709664.0,464455717.03999996,6.56,,8,0.0,0.001529051987767538,0.0015267175572519776,,,0.0,,,6.56,,,,,,,False,False,,,0.0
2025-07-18,6.56,,6.57,6.55,6.57,6.57,,,,574030.0,376631218.46000004,6.57,,8,0.001524390243902607,0.003053435114503955,0.0,,,0.001524390243902607,,,6.56,,,,,,,False,False,,,0.0
2025-07-21,6.57,,6.61,6.59,6.61,6.6,,,,744111.0,490610466.72,6.6,,8,0.0060882800608828,0.003034901365705611,-0.001512859304084846,,,0.004566210045662045,,,6.57,,,,,,,False,False,,,0.0
2025-07-22,6.6,,6.55,6.69,6.69,6.7,,,,1488010.0,987611725.3499999,6.7,,8,-0.007575757575757569,0.0,0.001494768310911887,,,0.015151515151515138,,,6.6,,,,,,,False,False,,,0.0
2025-07-23,6.7,,6.83,6.72,6.69,6.72,,,,1706754.0,1152841042.57,6.72,,8,0.0194029850746269,-0.004464285714285587,0.004484304932735439,,,0.0029850746268655914,,,6.7,,,,,,,False,False,,,0.0
2025-07-24,6.72,,6.77,6.77,6.79,6.81,,,,1842330.0,1250384460.53,6.81,,8,0.007440476190476275,0.002954209748892156,0.002945508100147265,,,0.013392857142857206,,,6.72,,,,,,,False,False,,,0.0
2025-07-25,6.81,,6.79,6.8,6.78,6.78,,,,1235949.0,838988937.07,6.78,,8,-0.002936857562408135,-0.002941176470588225,0.0,,,-0.004405286343612258,,,6.81,,,,,,,False,False,,,0.0
2025-07-28,6.78,,6.73,6.78,6.78,6.79,,,,1194042.0,808397624.24,6.79,,8,-0.007374631268436516,0.0,0.001474926253687281,,,0.001474926253687281,,,6.78,6.593500000000001,0.028285432623037732,,,,,False,False,,,1.0
2025-07-29,6.79,,6.71,6.75,6.78,6.81,,,,993479.0,672095322.69,6.81,,8,-0.01178203240058906,0.004444444444444473,0.004424778761061843,,,0.002945508100147265,,,6.79,6.612,0.02692075015124007,0.005263074941683932,,,,True,False,,,1.0
2025-07-30,6.81,,6.86,6.74,6.73,6.7,,,,1589278.0,1079201558.87,6.7,,8,0.007342143906020615,-0.0014836795252225476,-0.004457652303120341,,,-0.01615271659324513,,,6.81,6.635,0.026375282592313365,0.005263074941683932,,,,True,False,,,1.0
2025-07-31,6.7,,6.51,6.47,6.44,6.44,,,,2299511.0,1496029078.2,6.44,,8,-0.028358208955223896,-0.004636785162287382,0.0,,,-0.03880597014925369,,,6.7,6.6450000000000005,0.008276899924755332,0.006715211983451708,,,,True,False,,,1.0
2025-08-01,6.44,,6.44,6.4,6.41,6.39,,,,923604.0,592783868.1,6.39,,8,0.0,0.0015624999999999112,-0.0031201248049922414,,,-0.007763975155279601,,,6.44,6.644,-0.030704394942805524,0.007358387587228565,,,,False,False,,,-1.0
2025-08-04,6.39,,6.36,6.39,6.41,6.41,,,,590304.0,376646699.83,6.41,,8,-0.004694835680751019,0.003129890453834161,0.0,,,0.003129890453834161,,,6.39,6.641499999999999,-0.03786795151697642,0.007358387587228565,,,,False,False,,,-1.0
2025-08-05,6.41,,6.42,6.43,6.44,6.45,,,,652634.0,419615793.7,6.45,,8,0.0015600624024960652,0.0015552099533437946,0.0015527950310558758,,,0.006240249609984483,,,6.41,6.636,-0.034056660638939085,0.006715211983451708,,,,False,False,,,-1.0
2025-08-06,6.45,,6.4,6.44,6.44,6.44,,,,568470.0,365204938.45,6.44,,8,-0.007751937984496138,0.0,0.0,,,-0.0015503875968991832,,,6.45,6.6305,-0.027222683055576402,0.006715211983451708,,,,True,False,,,-1.0
2025-08-07,6.44,,6.43,6.48,6.47,6.47,,,,776038.0,500342602.71,6.47,,8,-0.0015527950310559868,-0.0015432098765433278,0.0,,,0.004658385093167627,,,6.44,6.625500000000001,-0.027997886951928175,0.007358387587228565,,,,False,False,,,-1.0
2025-08-08,6.47,,6.43,6.44,6.45,6.45,,,,514307.0,331191660.75,6.45,,8,-0.0061823802163832875,0.0015527950310558758,0.0,,,-0.0030911901081915882,,,6.47,6.611,-0.021328089547723472,0.006715211983451708,,,,False,False,,,-1.0
2025-08-11,6.45,,6.49,6.5,6.49,6.48,,,,821789.0,533689823.59000003,6.48,,8,0.006201550387596955,-0.0015384615384614886,-0.0015408320493065508,,,0.0046511627906977715,,,6.45,6.5954999999999995,-0.022060495792585733,0.006762262061201951,,,,False,False,,,-1.0
2025-08-12,6.48,,6.48,6.48,6.48,6.47,,,,734218.0,475510584.3,6.47,,8,0.0,0.0,-0.0015432098765433278,,,-0.0015432098765433278,,,6.48,6.586499999999999,-0.016169437485766158,0.006191965301990121,,,,False,False,,,-1.0
2025-08-13,6.47,,6.46,6.46,6.44,6.46,,,,810742.0,524044608.27,6.46,,8,-0.0015455950540957941,-0.003095975232198067,0.0031055900621117516,,,-0.0015455950540957941,,,6.47,6.58,-0.016717325227963542,0.006135330138633044,,,,False,False,,,-1.0
2025-08-14,6.46,,6.52,6.44,6.45,6.43,,,,1201423.0,779372848.4,6.43,,8,0.009287925696594312,0.0015527950310558758,-0.0031007751937984773,,,-0.004643962848297267,,,6.46,6.575,-0.017490494296578007,0.006135330138633044,,,,True,False,,,-1.0
2025-08-15,6.43,,6.56,6.53,6.51,6.53,,,,1595368.0,1041380521.14,6.53,,8,0.020217729393467998,-0.003062787136294043,0.003072196620583778,,,0.015552099533437058,,,6.43,6.5685,-0.02108548374819219,0.006191965301990121,,,,True,False,,,-1.0
2025-08-18,6.53,,6.5,6.52,6.5,6.5,,,,1381625.0,898811495.48,6.5,,8,-0.004594180704441064,-0.0030674846625766694,0.0,,,-0.004594180704441064,,,6.53,6.5665000000000004,-0.005558516713622175,0.006771847146808785,,,,False,False,,,-1.0
2025-08-19,6.5,,6.56,6.53,6.53,6.53,,,,1624187.0,1066264303.9,6.53,,8,0.009230769230769154,0.0,0.0,,,0.004615384615384688,,,6.5,6.5615,-0.009372856816276753,0.006771847146808785,,,,True,False,,,-1.0
2025-08-20,6.53,,6.55,6.5,6.53,6.55,,,,1299582.0,847768490.89,6.55,,8,0.003062787136294043,0.004615384615384688,0.003062787136294043,,,0.003062787136294043,,,6.53,6.553,-0.003509842820082376,0.006771847146808785,,,,False,False,,,-1.0
2025-08-21,6.55,,6.53,6.57,6.56,6.56,,,,1309114.0,859431096.47,6.56,,8,-0.003053435114503733,-0.0015220700152207556,0.0,,,0.0015267175572519776,,,6.55,6.544499999999999,0.0008404003361601742,0.006191965301990121,,,,False,False,,,1.0
2025-08-22,6.56,,6.53,6.54,6.55,6.56,,,,1307699.0,854125574.77,6.56,,8,-0.004573170731707266,0.001529051987767538,0.0015267175572519776,,,0.0,,,6.56,6.531999999999999,0.004286589099816274,0.0054386079485671535,,,,False,False,,,1.0
2025-08-25,6.56,,7.12,7.19,7.19,7.16,,,,7923898.0,5619264695.76,7.16,,8,0.08536585365853666,0.0,-0.00417246175243402,,,0.09146341463414642,,,6.56,6.520999999999999,0.00598067781015188,0.0054386079485671535,,,,True,False,,,1.0
2025-08-26,7.16,,6.93,7.0,7.0,6.99,,,,4379464.0,3051239668.91,6.99,,8,-0.032122905027933024,0.0,-0.0014285714285714457,,,-0.023743016759776525,,,7.16,6.539499999999999,0.09488493004052301,0.0054386079485671535,,,,True,False,,,1.0
2025-08-27,6.99,,6.88,6.82,6.78,6.74,,,,2976152.0,2042648128.25,6.74,,8,-0.015736766809728242,-0.0058651026392961825,-0.005899705014749235,,,-0.03576537911301858,,,6.99,6.5485,0.06742001985187462,0.0054386079485671535,,,,True,False,,,1.0
2025-08-28,6.74,,6.77,6.68,6.71,6.77,,,,2119089.0,1425708353.15,6.77,,8,0.004451038575667532,0.004491017964071808,0.008941877794336861,,,0.004451038575667532,,,6.74,6.5504999999999995,0.02892908938249006,0.0054386079485671535,,,,False,False,,,1.0
2025-08-29,6.77,,6.86,6.83,6.79,6.79,,,,1979393.0,1354532777.15,6.79,,8,0.013293943870014813,-0.005856515373352855,0.0,,,0.002954209748892156,,,6.77,6.567,0.03091213643977464,0.004644508192596042,,,,True,False,,,1.0
2025-09-01,6.79,,6.75,6.76,6.79,6.81,,,,1406825.0,953846377.4,6.81,,8,-0.00589101620029453,0.004437869822485174,0.002945508100147265,,,0.002945508100147265,,,6.79,6.587000000000001,0.03081827842720508,0.0054386079485671535,,,,True,False,,,1.0
2025-09-02,6.81,,6.76,6.74,6.73,6.72,,,,2060250.0,1394222969.26,6.72,,8,-0.007342143906020504,-0.0014836795252225476,-0.0014858841010402246,,,-0.013215859030836996,,,6.81,6.606999999999999,0.03072498864840334,0.006036698208338909,,,,True,False,,,1.0
2025-09-03,6.72,,6.67,6.6,6.59,6.58,,,,1745943.0,1158963334.34,6.58,,8,-0.007440476190476164,-0.0015151515151514694,-0.0015174506828528056,,,-0.02083333333333326,,,6.72,6.6205,0.015029076353749726,0.006191965301990121,,,,True,False,,,1.0
2025-09-04,6.58,,6.59,6.54,6.49,6.53,,,,1537225.0,1005294603.72,6.53,,8,0.001519756838905817,-0.007645259938837912,0.006163328197226425,,,-0.0075987841945288626,,,6.58,6.6275,-0.007167106752169028,0.006191965301990121,,,,False,False,,,-1.0
2025-09-05,6.53,,6.52,6.56,6.58,6.59,,,,1171091.0,766112847.29,6.59,,8,-0.0015313935681471325,0.0030487804878049918,0.001519756838905817,,,0.009188361408882129,,,6.53,6.6305000000000005,-0.015157227961692166,0.006191965301990121,,,,False,False,,,-1.0
2025-09-08,6.59,,6.77,6.75,6.76,6.76,,,,2320377.0,1572093121.29,6.76,,8,0.0273141122913505,0.001481481481481417,0.0,,,0.025796661608497695,,,6.59,6.6375,-0.007156308851224202,0.006046283293945742,,,,True,False,,,-1.0
2025-09-09,6.76,,6.84,6.85,6.85,6.86,,,,2179398.0,1494592694.43,6.86,,8,0.01183431952662728,0.0,0.0014598540145986938,,,0.01479289940828421,,,6.76,6.6515,0.01631211005036448,0.006616580053157517,,,,True,False,,,1.0
2025-09-10,6.86,,6.78,6.83,6.83,6.86,,,,1397197.0,950570518.8199999,6.86,,8,-0.011661807580174988,0.0,0.004392386530014614,,,0.0,,,6.86,6.670999999999999,0.02833158447009465,0.007391310048248334,,,,True,False,,,1.0
2025-09-11,6.86,,6.78,6.77,6.8,6.83,,,,1462905.0,992115320.67,6.83,,8,-0.011661807580174988,0.004431314623338345,0.004411764705882337,,,-0.004373177842565634,,,6.86,6.691,0.025257808997160458,0.008335622710622659,,,,True,False,,,1.0
2025-09-12,6.83,,6.88,6.93,6.91,6.94,,,,3220892.0,2235885453.75,6.94,,8,0.007320644216691097,-0.0028860028860028253,0.004341534008683201,,,0.016105417276720324,,,6.83,6.711,0.017732081656981036,0.008335622710622659,,,,False,False,,,1.0
2025-09-15,6.94,,6.89,6.93,6.92,6.97,,,,2289230.0,1584580818.26,6.97,,8,-0.007204610951008772,-0.0014430014430013571,0.007225433526011571,,,0.004322766570605152,,,6.94,6.7315,0.03097377998960127,0.007391310048248334,,,,False,False,,,1.0
2025-09-16,6.97,,6.94,6.98,6.99,7.04,,,,2226805.0,1553899603.8400002,7.04,,8,-0.00430416068866557,0.0014326647564468775,0.007153075822603716,,,0.010043041606886627,,,6.97,6.755,0.031828275351591495,0.007391310048248334,,,,False,False,,,1.0
2025-09-17,7.04,,6.98,7.01,7.02,7.05,,,,1663640.0,1165912724.08,7.05,,8,-0.008522727272727182,0.0014265335235377208,0.004273504273504258,,,0.0014204545454545858,,,7.04,6.780499999999999,0.03827151390015504,0.0073313940613558,,,,True,False,,,1.0
2025-09-18,7.05,,6.92,6.81,6.76,6.77,,,,2552969.0,1748915146.86,6.77,,8,-0.018439716312056764,-0.007342143906020504,0.0014792899408284654,,,-0.039716312056737646,,,7.05,6.8055,0.03592682389243995,0.007391310048248334,,,,True,False,,,1.0
2025-09-19,6.77,,6.69,6.79,7.0,6.98,,,,2733152.0,1881123058.6399999,6.98,,8,-0.011816838995568513,0.030927835051546282,-0.0028571428571427804,,,0.03101920236336797,,,6.77,6.816,-0.006748826291079868,0.007981601731601673,,,,True,False,,,-1.0
2025-09-22,6.98,,7.04,6.98,6.97,7.0,,,,2259039.0,1573171749.54,7.0,,8,0.008595988538681931,-0.0014326647564470996,0.004304160688665792,,,0.002865329512893977,,,6.98,6.837000000000001,0.020915606260055508,0.010092267426451085,,,,False,False,,,1.0
2025-09-23,7.0,,6.81,6.73,6.74,6.76,,,,1845203.0,1250871499.28,6.76,,8,-0.027142857142857246,0.0014858841010401136,0.0029673590504450953,,,-0.034285714285714364,,,7.0,6.829000000000001,0.025040269439156493,0.008559357905704557,,,,True,False,,,1.0
2025-09-24,6.76,,6.91,6.85,6.84,6.84,,,,1571675.0,1075298492.8700001,6.84,,8,0.022189349112426093,-0.0014598540145984717,0.0,,,0.01183431952662728,,,6.76,6.8175,-0.008434176751008438,0.008559357905704557,,,,True,False,,,-1.0
2025-09-25,6.84,,6.82,6.8,6.8,6.8,,,,1234020.0,840051756.81,6.8,,8,-0.0029239766081871066,0.0,0.0,,,-0.005847953216374324,,,6.84,6.8225,0.002565042139978102,0.008559357905704557,,,,False,False,,,1.0
2025-09-26,6.8,,6.75,6.83,6.83,6.8,,,,1509024.0,1034089810.8100001,6.8,,8,-0.007352941176470562,0.0,-0.004392386530014725,,,0.0,,,6.8,6.824000000000001,-0.003516998827667206,0.008559357905704557,,,,False,False,,,-1.0
2025-09-29,6.8,,6.69,6.84,6.81,6.81,,,,1634572.0,1102204585.09,6.81,,8,-0.016176470588235237,-0.004385964912280715,0.0,,,0.0014705882352941124,,,6.8,6.824499999999999,-0.0035900065938895276,0.007981601731601673,,,,True,False,,,-1.0
2025-09-30,6.81,,6.88,6.89,6.89,6.89,,,,1763049.0,1211551714.98,6.89,,8,0.010279001468428861,0.0,0.0,,,0.011747430249632984,,,6.81,6.8245000000000005,-0.0021246977800573053,0.008559357905704557,,,,True,False,,,-1.0
2025-10-09,6.89,,6.65,6.72,6.77,6.79,,,,2523403.0,1690536826.9,6.79,,8,-0.03483309143686497,0.007440476190476275,0.002954209748892156,,,-0.014513788098693747,,,6.89,6.833,0.008341870335138335,0.009437495003555396,,,,True,False,,,1.0
2025-10-10,6.79,,6.78,6.78,6.74,6.75,,,,1548340.0,1050128719.69,6.75,,8,-0.0014727540500736325,-0.005899705014749235,0.0014836795252224366,,,-0.00589101620029453,,,6.79,6.843500000000001,-0.007817637173960779,0.010970404524301924,,,,False,False,,,-1.0
2025-10-13,6.75,,6.55,6.55,6.57,6.57,,,,2177743.0,1425261306.21,6.57,,8,-0.029629629629629672,0.003053435114503955,0.0,,,-0.026666666666666616,,,6.75,6.8545,-0.01524545918739506,0.010970404524301924,,,,True,False,,,-1.0
2025-10-14,6.57,,6.64,6.56,6.55,6.53,,,,1913064.0,1262009197.84,6.53,,8,0.010654490106544845,-0.0015243902439023849,-0.003053435114503733,,,-0.0060882800608828,,,6.57,6.8534999999999995,-0.04136572554169393,0.011661807580174988,,,,False,False,,,-1.0
2025-10-15,6.53,,6.53,6.47,6.49,6.49,,,,1766066.0,1144865926.56,6.49,,8,0.0,0.0030911901081918103,0.0,,,-0.006125574272588086,,,6.53,6.8420000000000005,-0.04560070154925466,0.011158148843359916,,,,False,False,,,-1.0
2025-10-16,6.49,,6.45,6.41,6.41,6.4,,,,1434724.0,921148581.2,6.4,,8,-0.006163328197226536,0.0,-0.0015600624024960652,,,-0.013867488443759624,,,6.49,6.8235,-0.04887521066901146,0.010466745787486853,,,,False,False,,,-1.0
2025-10-17,6.4,,6.37,6.35,6.32,6.32,,,,1429013.0,909191869.73,6.32,,8,-0.004687500000000067,-0.0047244094488188,0.0,,,-0.012499999999999956,,,6.4,6.800500000000001,-0.05889272847584748,0.009437495003555396,,,,False,False,,,-1.0
2025-10-20,6.32,,6.34,6.31,6.31,6.34,,,,868613.0,549071835.11,6.34,,8,0.0031645569620253333,0.0,0.004754358161648264,,,0.0031645569620253333,,,6.32,6.775,-0.06715867158671585,0.008559357905704557,,,,False,False,,,-1.0
2025-10-21,6.34,,6.36,6.37,6.41,6.4,,,,1019035.0,650370893.0699999,6.4,,8,0.003154574132492094,0.006279434850863463,-0.0015600624024960652,,,0.009463722397476504,,,6.34,6.745,-0.06004447739065977,0.008559357905704557,,,,False,False,,,-1.0
2025-10-22,6.4,,6.43,6.38,6.37,6.38,,,,780302.0,498606558.53999996,6.38,,8,0.004687499999999956,-0.0015673981191222097,0.0015698587127157548,,,-0.0031250000000000444,,,6.4,6.716500000000001,-0.0471227573885209,0.008559357905704557,,,,False,False,,,-1.0
2025-10-23,6.38,,6.34,6.34,6.37,6.38,,,,753669.0,479621653.01,6.38,,8,-0.006269592476489061,0.004731861198738141,0.0015698587127157548,,,0.0,,,6.38,6.6834999999999996,-0.04541033889429191,0.008559357905704557,,,,False,False,,,-1.0
2025-10-24,6.38,,6.37,6.34,6.35,6.36,,,,738579.0,469613401.55,6.36,,8,-0.0015673981191222097,0.001577287066246047,0.0015748031496063408,,,-0.0031347962382444194,,,6.38,6.65,-0.04060150375939853,0.007974464857576247,,,,False,False,,,-1.0
2025-10-27,6.36,,6.32,6.33,6.32,6.32,,,,1053944.0,667073658.85,6.32,,8,-0.0062893081761006275,-0.0015797788309636074,0.0,,,-0.0062893081761006275,,,6.36,6.6295,-0.040651632853156316,0.0068112668264798115,,,,False,False,,,-1.0
2025-10-28,6.32,,6.31,6.28,6.28,6.27,,,,917900.0,577519764.69,6.27,,8,-0.0015822784810127777,0.0,-0.0015923566878981443,,,-0.007911392405063444,,,6.32,6.596500000000001,-0.04191616766467077,0.006279450326294844,,,,False,False,,,-1.0
2025-10-29,6.27,,6.26,6.31,6.3,6.31,,,,857161.0,539296508.77,6.31,,8,-0.0015948963317383713,-0.0015847860538826808,0.0015873015873015817,,,0.006379585326953707,,,6.27,6.56,-0.044207317073170715,0.006216460336857799,,,,False,False,,,-1.0
2025-10-30,6.31,,6.29,6.27,6.27,6.27,,,,737459.0,463346535.98,6.27,,8,-0.0031695721077653616,0.0,0.0,,,-0.006339144215530945,,,6.31,6.5375,-0.034799235181644406,0.0054254140986133015,,,,False,False,,,-1.0
2025-10-31,6.27,,6.26,6.28,6.29,6.27,,,,845102.0,529341765.37,6.27,,8,-0.0015948963317383713,0.0015923566878981443,-0.0031796502384738856,,,0.0,,,6.27,6.509,-0.03671838992164711,0.004687500000000011,,,,False,False,,,-1.0
2025-11-03,6.27,,6.28,6.29,6.29,6.3,,,,689571.0,433621136.03,6.3,,8,0.0015948963317384823,0.0,0.0015898251192367763,,,0.004784688995215447,,,6.27,6.4825,-0.032780563054377265,0.004687500000000011,,,,False,False,,,-1.0
2025-11-04,6.3,,6.25,6.23,6.22,6.23,,,,1077373.0,672486857.89,6.23,,8,-0.007936507936507908,-0.0016051364365972098,0.001607717041800738,,,-0.01111111111111096,,,6.3,6.4575000000000005,-0.024390243902439157,0.003928536053882659,,,,True,False,,,-1.0
2025-11-05,6.23,,6.23,6.22,6.23,6.22,,,,692007.0,429343469.97,6.22,,8,0.0,0.001607717041800738,-0.0016051364365972098,,,-0.0016051364365972098,,,6.23,6.4285,-0.030878120868009562,0.003928536053882659,,,,False,False,,,-1.0
2025-11-06,6.22,,6.19,6.18,6.18,6.18,,,,889219.0,550107118.04,6.18,,8,-0.004823151125401881,0.0,0.0,,,-0.006430868167202619,,,6.22,6.3950000000000005,-0.027365129007036804,0.0031670645348953474,,,,True,False,,,-1.0
2025-11-07,6.18,,6.21,6.18,6.18,6.18,,,,733082.0,453507989.61,6.18,,8,0.004854368932038833,0.0,0.0,,,0.0,,,6.18,6.3645,-0.028988922931887817,0.0031670645348953474,,,,True,False,,,-1.0
2025-11-10,6.18,,6.2,6.25,6.25,6.26,,,,1031199.0,641296733.58,6.26,,8,0.003236245954692629,0.0,0.0016000000000000458,,,0.012944983818770295,,,6.18,6.336,-0.024621212121212266,0.003928536053882659,,,,False,False,,,-1.0
2025-11-11,6.26,,6.29,6.27,6.28,6.28,,,,906105.0,568430822.71,6.28,,8,0.004792332268370725,0.0015948963317384823,0.0,,,0.0031948881789138905,,,6.26,6.3205,-0.00957202752946762,0.0032029090312289954,,,,True,False,,,-1.0
2025-11-12,6.28,,6.26,6.26,6.27,6.26,,,,860611.0,540093753.11,6.26,,8,-0.0031847133757962887,0.0015974440894568342,-0.0015948963317383713,,,-0.0031847133757962887,,,6.28,6.308,-0.004438807863030969,0.0032029090312289954,,,,False,False,,,-1.0
2025-11-13,6.26,,6.27,6.26,6.26,6.28,,,,763516.0,477638821.58,6.28,,8,0.0015974440894568342,0.0,0.0031948881789138905,,,0.0031948881789138905,,,6.26,6.2965,-0.005796871277694016,0.003210479665244459,,,,False,False,,,-1.0
2025-11-14,6.28,,6.29,6.29,6.28,6.27,,,,1182181.0,743739694.92,6.27,,8,0.0015923566878981443,-0.0015898251192368873,-0.0015923566878981443,,,-0.0015923566878981443,,,6.28,6.2905,-0.001669183689690712,0.003177142741780825,,,,False,False,,,-1.0
2025-11-17,6.27,,6.26,6.27,6.25,6.26,,,,841325.0,527202319.16,6.26,,8,-0.0015948963317383713,-0.0031897926634768536,0.0016000000000000458,,,-0.0015948963317383713,,,6.27,6.287999999999999,-0.002862595419847347,0.0031670645348953474,,,,False,False,,,-1.0
2025-11-18,6.26,,6.17,6.14,6.13,6.13,,,,1461831.0,901746513.12,6.13,,8,-0.014376996805111841,-0.0016286644951140072,0.0,,,-0.02076677316293929,,,6.26,6.284,-0.003819223424570306,0.0031620731201287278,,,,True,False,,,-1.0
2025-11-19,6.13,,6.07,6.06,6.07,6.06,,,,1024094.0,622029495.05,6.06,,8,-0.009787928221859588,0.0016501650165017256,-0.0016474464579901982,,,-0.011419249592169667,,,6.13,6.2705,-0.02240650665816124,0.003177142741780825,,,,True,False,,,-1.0
2025-11-20,6.06,,6.06,6.21,6.19,6.2,,,,1962248.0,1211557176.56,6.2,,8,0.0,-0.0032206119162639935,0.001615508885298933,,,0.02310231023102327,,,6.06,6.2545,-0.03109760972100095,0.003177142741780825,,,,False,False,,,-1.0
2025-11-21,6.2,,6.14,6.09,6.08,6.06,,,,1231019.0,752393755.5600001,6.06,,8,-0.00967741935483879,-0.0016420361247947435,-0.00328947368421062,,,-0.022580645161290436,,,6.2,6.2455,-0.00728524537667119,0.002383508098611098,,,,True,False,,,-1.0
2025-11-24,6.06,,6.11,6.08,6.08,6.04,,,,1006978.0,612019543.4,6.04,,8,0.008250825082508406,0.0,-0.006578947368421018,,,-0.0033003300330032292,,,6.06,6.2305,-0.027365379985554994,0.003177142741780825,,,,True,False,,,-1.0
2025-11-25,6.04,,6.04,6.06,6.04,6.04,,,,960658.0,581041097.42,6.04,,8,0.0,-0.0033003300330032292,0.0,,,0.0,,,6.04,6.2165,-0.02839218209603478,0.003177142741780825,,,,False,False,,,-1.0
2025-11-26,6.04,,6.05,5.9,5.89,5.89,,,,2005217.0,1192429529.48,5.89,,8,0.0016556291390728006,-0.0016949152542373724,0.0,,,-0.024834437086092787,,,6.04,6.205,-0.026591458501208698,0.003177142741780825,,,,False,False,,,-1.0
2025-11-27,5.89,,5.52,5.52,5.49,5.47,,,,3961433.0,2181600716.75,5.47,,8,-0.06281833616298815,-0.005434782608695565,-0.0036429872495447047,,,-0.07130730050933787,,,5.89,6.184,-0.047542043984476146,0.003177142741780825,,,,True,False,,,-1.0
2025-11-28,5.47,,5.28,5.39,5.39,5.38,,,,2953636.0,1579226788.53,5.38,,8,-0.034734917733089454,0.0,-0.0018552875695732052,,,-0.01645338208409508,,,5.47,6.144,-0.10970052083333337,0.003210479665244459,,,,True,False,,,-1.0
2025-12-01,5.38,,5.31,5.22,5.2,5.2,,,,3212116.0,1684908905.03,5.2,,8,-0.013011152416356975,-0.003831417624520994,0.0,,,-0.03345724907063197,,,5.38,6.0995,-0.11796048856463648,0.004014289111531677,,,,True,False,,,-1.0
2025-12-02,5.2,,5.24,5.21,5.2,5.2,,,,1686909.0,880080038.02,5.2,,8,0.007692307692307665,-0.0019193857965450478,0.0,,,0.0,,,5.2,6.0445,-0.1397137893953181,0.004807741696886303,,,,True,False,,,-1.0
2025-12-03,5.2,,5.12,5.05,5.03,5.01,,,,2792336.0,1419297667.26,5.01,,8,-0.015384615384615441,-0.003960396039603853,-0.003976143141153132,,,-0.03653846153846163,,,5.2,5.993,-0.13232104121475052,0.004807741696886303,,,,True,False,,,-1.0
2025-12-04,5.01,,4.95,4.97,4.98,4.97,,,,2620009.0,1302590181.63,4.97,,8,-0.011976047904191489,0.00201207243460777,-0.002008032128514192,,,-0.007984031936127733,,,5.01,5.932499999999999,-0.1554993678887483,0.004838760028720357,,,,True,False,,,-1.0
2025-12-05,4.97,,4.88,4.91,4.97,4.95,,,,3180996.0,1552889663.69,4.95,,8,-0.01810865191146882,0.012219959266802416,-0.004024144869215207,,,-0.004024144869215207,,,4.97,5.872,-0.15361035422343328,0.006273338312173249,,,,True,False,,,-1.0
2025-12-08,4.95,,4.94,4.93,4.91,4.91,,,,1954118.0,964354592.68,4.91,,8,-0.002020202020201922,-0.0040567951318457585,0.0,,,-0.008080808080808133,,,4.95,5.810499999999999,-0.1480939678168831,0.007971566387408036,,,,False,False,,,-1.0
2025-12-09,4.91,,4.84,4.79,4.8,4.77,,,,2356613.0,1136449251.41,4.77,,8,-0.014256619144602856,0.0020876826722338038,-0.006250000000000089,,,-0.028513238289205822,,,4.91,5.742999999999999,-0.1450461431307678,0.007971566387408036,,,,True,False,,,-1.0
2025-12-10,4.77,,4.75,5.25,5.25,5.25,,,,6362121.0,3229111691.02,5.25,,8,-0.004192872117400381,0.0,0.0,,,0.10062893081761026,,,4.77,5.6675,-0.15835906484340556,0.008964122218673598,,,,False,False,,,-1.0
2025-12-11,5.25,,5.11,5.11,5.09,5.07,,,,5461724.0,2792490248.62,5.07,,8,-0.026666666666666616,-0.00391389432485334,-0.003929273084479323,,,-0.03428571428571425,,,5.25,5.617,-0.06533736870215412,0.008964122218673598,,,,True,False,,,-1.0
2025-12-12,5.07,,5.15,5.04,5.06,5.02,,,,3356577.0,1709879517.1100001,5.02,,8,0.015779092702169706,0.003968253968253954,-0.007905138339920903,,,-0.009861932938856177,,,5.07,5.5565,-0.0875551156303428,0.009732673788349189,,,,True,False,,,-1.0
2025-12-15,5.02,,4.89,4.9,4.89,4.87,,,,2564035.0,1255779781.3600001,4.87,,8,-0.02589641434262946,-0.0020408163265307477,-0.004089979550102152,,,-0.029880478087649265,,,5.02,5.494,-0.08627593738623962,0.010881988063025538,,,,True,False,,,-1.0
2025-12-16,4.87,,4.93,4.95,4.95,4.97,,,,2765723.0,1368554649.95,4.97,,8,0.012320328542094305,0.0,0.004040404040403844,,,0.02053388090349073,,,4.87,5.4245,-0.10222140289427595,0.012493600160274232,,,,False,False,,,-1.0
2025-12-17,4.97,,4.86,4.94,4.95,4.96,,,,1988572.0,975625240.1,4.96,,8,-0.022132796780684028,0.002024291497975561,0.002020202020202033,,,-0.002012072434607548,,,4.97,5.3665,-0.07388428212056286,0.012148188223142897,,,,True,False,,,-1.0
2025-12-18,4.96,,4.94,4.88,4.88,4.87,,,,1761638.0,861932297.0899999,4.87,,8,-0.004032258064516014,0.0,-0.002049180327868827,,,-0.01814516129032251,,,4.96,5.3115000000000006,-0.06617716276004904,0.01266574047922564,,,,False,False,,,-1.0
2025-12-19,4.87,,4.89,4.87,4.88,4.9,,,,1665843.0,815816714.78,4.9,,8,0.004106776180698102,0.002053388090349051,0.004098360655737876,,,0.006160164271047375,,,4.87,5.244999999999999,-0.07149666348903705,0.01266574047922564,,,,False,False,,,-1.0
2025-12-22,4.9,,4.89,4.92,4.93,4.93,,,,1554196.0,763990247.16,4.93,,8,-0.0020408163265307477,0.00203252032520318,0.0,,,0.006122448979591688,,,4.9,5.186999999999999,-0.055330634278002555,0.01266574047922564,,,,False,False,,,-1.0
2025-12-23,4.93,,4.82,4.8,4.79,4.79,,,,2072433.0,998690163.25,4.79,,8,-0.022312373225152005,-0.002083333333333326,0.0,,,-0.028397565922920864,,,4.93,5.1315,-0.039267270778524876,0.01266574047922564,,,,True,False,,,-1.0
2025-12-24,4.79,,4.79,4.78,4.78,4.76,,,,1154243.0,551394738.76,4.76,,8,0.0,0.0,-0.004184100418410108,,,-0.006263048016701522,,,4.79,5.069,-0.05504044190175572,0.013633885780479915,,,,False,False,,,-1.0
2025-12-25,4.76,,4.77,4.77,4.78,4.79,,,,1086266.0,518318251.6,4.79,,8,0.0021008403361344463,0.002096436058700357,0.0020920502092049986,,,0.006302521008403339,,,4.76,5.0125,-0.0503740648379053,0.013633885780479915,,,,False,False,,,-1.0
2025-12-26,4.79,,4.79,4.77,4.78,4.77,,,,1241793.0,593894563.83,4.77,,8,0.0,0.002096436058700357,-0.0020920502092051096,,,-0.0041753653444677186,,,4.79,4.9784999999999995,-0.037862810083358345,0.01266574047922564,,,,False,False,,,-1.0
2025-12-29,4.77,,4.79,4.74,4.74,4.74,,,,1205455.0,572726660.97,4.74,,8,0.004192872117400492,0.0,0.0,,,-0.0062893081761005165,,,4.77,4.9479999999999995,-0.03597413096200486,0.012148188223142897,,,,False,False,,,-1.0
2025-12-30,4.74,,4.65,4.64,4.65,4.62,,,,1517366.0,706549842.6700001,4.62,,8,-0.01898734177215189,0.0021551724137931494,-0.006451612903225823,,,-0.025316455696202556,,,4.74,4.925,-0.03756345177664966,0.009834177798249577,,,,True,False,,,-1.0
2025-12-31,4.62,,4.63,4.65,4.65,4.65,,,,1075561.0,499883113.09000003,4.65,,8,0.0021645021645020357,0.0,0.0,,,0.006493506493506551,,,4.62,4.895999999999999,-0.05637254901960764,0.012148188223142897,,,,False,False,,,-1.0
2026-01-05,4.65,,4.75,4.75,4.76,4.75,,,,1938535.0,917143489.75,4.75,,8,0.021505376344086002,0.00210526315789461,-0.0021008403361344463,,,0.021505376344086002,,,4.65,4.878,-0.04674046740467397,0.00808446001079599,,,,True,False,,,-1.0
2026-01-06,4.75,,4.78,4.8,4.82,4.83,,,,2252376.0,1081145072.07,4.83,,8,0.006315789473684275,0.004166666666666874,0.0020746887966804906,,,0.01684210526315799,,,4.75,4.867,-0.024039449352784015,0.008256600329747399,,,,False,False,,,-1.0
2026-01-07,4.83,,4.79,4.75,4.75,4.73,,,,1582444.0,755864720.15,4.73,,8,-0.008281573498964856,0.0,-0.004210526315789331,,,-0.020703933747411973,,,4.83,4.861,-0.006377288623739874,0.0052543307955423835,,,,True,False,,,-1.0
2026-01-08,4.73,,4.72,4.93,4.91,4.9,,,,3119901.0,1517268869.05,4.9,,8,-0.0021141649048627142,-0.0040567951318457585,-0.0020366598778003286,,,0.03594080338266381,,,4.73,4.852,-0.02514427040395706,0.007298681486324565,,,,False,False,,,-1.0
2026-01-09,4.9,,4.89,4.85,4.86,4.96,,,,2626711.0,1288191630.99,4.96,,8,-0.0020408163265307477,0.0020618556701033075,0.020576131687242816,,,0.012244897959183598,,,4.9,4.8585,0.00854173098693023,0.0052543307955423835,,,,False,False,,,1.0
2026-01-12,4.96,,4.87,4.87,4.88,4.88,,,,1990730.0,971866994.81,4.88,,8,-0.01814516129032251,0.002053388090349051,0.0,,,-0.016129032258064502,,,4.96,4.843999999999999,0.023947151114781295,0.0052543307955423835,,,,True,False,,,1.0
2026-01-13,4.88,,4.86,4.86,4.85,4.83,,,,1950981.0,950864611.03,4.83,,8,-0.004098360655737654,-0.002057613168724437,-0.00412371134020606,,,-0.010245901639344246,,,4.88,4.8345,0.009411521356913699,0.0052543307955423835,,,,False,False,,,1.0
2026-01-14,4.83,,4.83,4.75,4.74,4.69,,,,2798384.0,1336813422.4,4.69,,8,0.0,-0.002105263157894721,-0.010548523206751037,,,-0.02898550724637672,,,4.83,4.825,0.0010362694300518616,0.004149824149049297,,,,False,False,,,1.0
2026-01-15,4.69,,4.74,4.89,4.88,4.85,,,,3195562.0,1540993865.84,4.85,,8,0.010660980810234477,-0.002044989775051076,-0.006147540983606592,,,0.03411513859275028,,,4.69,4.816000000000001,-0.026162790697674465,0.004102568418217878,,,,True,False,,,-1.0
2026-01-16,4.85,,4.76,4.74,4.74,4.73,,,,2093046.0,998121239.17,4.73,,8,-0.01855670103092777,0.0,-0.002109704641350185,,,-0.024742268041236914,,,4.85,4.8100000000000005,0.008316008316008094,0.004102568418217878,,,,True,False,,,1.0
2026-01-19,4.73,,4.75,4.69,4.73,4.73,,,,1168450.0,551877926.11,4.73,,8,0.004228329809724984,0.008528784648187626,0.0,,,0.0,,,4.73,4.7985,-0.0142752943628216,0.004102568418217878,,,,True,False,,,-1.0
2026-01-20,4.73,,4.81,4.78,4.78,4.79,,,,2102006.0,1008144914.1,4.79,,8,0.01691331923890038,0.0,0.0020920502092049986,,,0.012684989429175397,,,4.73,4.791500000000001,-0.012835229051445407,0.004149824149049297,,,,True,False,,,-1.0
2026-01-21,4.79,,4.95,4.98,5.02,5.01,,,,5117860.0,2542382134.81,5.01,,8,0.03340292275574108,0.008032128514056103,-0.0019920318725099584,,,0.045929018789143905,,,4.79,4.786,0.0008357709987465434,0.004210600963562738,,,,True,False,,,1.0
2026-01-22,5.01,,4.97,4.94,4.95,4.95,,,,2918103.0,1445979606.46,4.95,,8,-0.007984031936127733,0.002024291497975561,0.0,,,-0.011976047904191489,,,5.01,4.790000000000001,0.045929018789143905,0.0052720596417046295,,,,True,False,,,1.0
2026-01-23,4.95,,4.92,4.95,4.94,4.95,,,,2602180.0,1280912212.25,4.95,,8,-0.0060606060606061,-0.002020202020201922,0.002024291497975561,,,0.0,,,4.95,4.798,0.031679866611088014,0.0052720596417046295,,,,True,False,,,1.0
2026-01-26,4.95,,4.84,4.83,4.84,4.82,,,,2709822.0,1317277569.92,4.82,,8,-0.022222222222222254,0.0020703933747412417,-0.004132231404958553,,,-0.02626262626262621,,,4.95,4.807499999999999,0.029641185647426127,0.006188197767145187,,,,True,False,,,1.0
2026-01-27,4.82,,4.76,4.78,4.78,4.75,,,,1745654.0,832167614.26,4.75,,8,-0.012448132780083054,0.0,-0.006276150627615107,,,-0.014522821576763545,,,4.82,4.809,0.0022873778332292982,0.007149910704906004,,,,True,False,,,1.0
2026-01-28,4.75,,4.83,4.83,4.82,4.86,,,,2799208.0,1361526689.8,4.86,,8,0.01684210526315799,-0.0020703933747411307,0.008298755186721962,,,0.023157894736842266,,,4.75,4.808000000000001,-0.012063227953411082,0.008132802717546295,,,,True,False,,,-1.0
2026-01-29,4.86,,5.03,5.07,5.13,5.13,,,,6052434.0,3047866238.8,5.13,,8,0.034979423868312765,0.011834319526627057,0.0,,,0.05555555555555536,,,4.86,4.814,0.009555463232239436,0.009471277154599667,,,,True,False,,,1.0
2026-01-30,5.13,,4.97,4.92,4.9,4.88,,,,3740525.0,1853094644.48,4.88,,8,-0.031189083820662766,-0.004065040650406471,-0.004081632653061273,,,-0.04873294346978563,,,5.13,4.839499999999999,0.06002686227916132,0.009471277154599667,,,,True,False,,,1.0
2026-02-02,4.88,,4.78,4.73,4.71,4.68,,,,3010157.0,1422202500.73,4.68,,8,-0.020491803278688492,-0.0042283298097252064,-0.006369426751592355,,,-0.040983606557377095,,,4.88,4.851000000000001,0.005978148835291464,0.011554556795158766,,,,True,False,,,1.0
2026-02-03,4.68,,4.72,4.69,4.69,4.7,,,,1640340.0,771688823.26,4.7,,8,0.008547008547008517,0.0,0.002132196162046851,,,0.00427350427350448,,,4.68,4.8475,-0.034553893759669996,0.011554556795158766,,,,False,False,,,-1.0
2026-02-04,4.7,,4.72,4.85,4.88,4.9,,,,3532548.0,1704989668.05,4.9,,8,0.004255319148936065,0.006185567010309256,0.004098360655737876,,,0.042553191489361764,,,4.7,4.841,-0.029126213592232997,0.011554556795158766,,,,False,False,,,-1.0
2026-02-05,4.9,,4.86,4.89,4.88,4.88,,,,2140934.0,1043758918.14,4.88,,8,-0.008163265306122436,-0.002044989775051076,0.0,,,-0.004081632653061273,,,4.9,4.849500000000001,0.010413444685019035,0.011554556795158766,,,,False,False,,,1.0
2026-02-06,4.88,,4.82,4.84,4.83,4.81,,,,1625126.0,783147719.75,4.81,,8,-0.012295081967213073,-0.0020661157024792765,-0.0041407867494824835,,,-0.014344262295082011,,,4.88,4.8485,0.006496854697329191,0.011554556795158766,,,,True,False,,,1.0
2026-02-09,4.81,,5.0,4.94,4.95,4.96,,,,2818485.0,1398716573.99,4.96,,8,0.03950103950103956,0.002024291497975561,0.002020202020202033,,,0.031185031185031242,,,4.81,4.841,-0.006403635612476921,0.012371607373648064,,,,True,False,,,-1.0
2026-02-10,4.96,,4.9,4.89,4.88,4.88,,,,1619555.0,793594072.0899999,4.88,,8,-0.012096774193548265,-0.002044989775051076,0.0,,,-0.016129032258064502,,,4.96,4.845000000000001,0.023735810113518996,0.012371607373648064,,,,False,False,,,1.0
2026-02-11,4.88,,4.86,4.85,4.85,4.89,,,,1359966.0,661327510.87,4.89,,8,-0.004098360655737654,0.0,0.008247422680412342,,,0.002049180327868827,,,4.88,4.847499999999999,0.006704486848891245,0.012371607373648064,,,,False,False,,,1.0
2026-02-12,4.89,,4.94,4.96,4.94,4.92,,,,2948565.0,1467494524.76,4.92,,8,0.010224948875255713,-0.004032258064516014,-0.004048582995951455,,,0.006134969325153339,,,4.89,4.8575,0.006690684508491973,0.012371607373648064,,,,False,False,,,1.0
2026-02-13,4.92,,4.93,4.92,4.94,4.97,,,,2245732.0,1108675798.6,4.97,,8,0.00203252032520318,0.004065040650406582,0.006072874493926905,,,0.010162601626016121,,,4.92,4.861,0.012137420283892197,0.012371607373648064,,,,False,False,,,1.0
2026-02-24,4.97,,4.91,4.91,4.93,4.92,,,,1557019.0,766341374.32,4.92,,8,-0.012072434607645843,0.004073319755600657,-0.0020283975659228792,,,-0.010060362173038184,,,4.97,4.872999999999999,0.01990560229837901,0.012195928080380669,,,,False,False,,,1.0
2026-02-25,4.92,,5.01,5.02,4.99,5.0,,,,2467309.0,1236738602.22,5.0,,8,0.018292682926829285,-0.005976095617529764,0.002004008016031955,,,0.016260162601626105,,,4.92,4.882499999999999,0.007680491551459445,0.012195928080380669,,,,True,False,,,1.0
2026-02-26,5.0,,4.94,4.85,4.82,4.82,,,,2787387.0,1361360307.48,4.82,,8,-0.0119999999999999,-0.006185567010309145,0.0,,,-0.03599999999999992,,,5.0,4.893,0.021867974657674205,0.012195928080380669,,,,False,False,,,1.0
2026-02-27,4.82,,4.82,4.81,4.83,4.84,,,,1132768.0,545381100.53,4.84,,8,0.0,0.004158004158004269,0.0020703933747412417,,,0.004149377593360981,,,4.82,4.8835,-0.013002969181939106,0.012084604400597054,,,,False,False,,,-1.0
2026-03-02,4.84,,4.79,4.76,4.75,4.75,,,,1491507.0,710169994.66,4.75,,8,-0.010330578512396604,-0.0021008403361344463,0.0,,,-0.018595041322314043,,,4.84,4.877999999999999,-0.007790077900778902,0.012084604400597054,,,,False,False,,,-1.0
2026-03-03,4.75,,4.71,4.69,4.68,4.67,,,,1596817.0,751480501.28,4.67,,8,-0.008421052631578996,-0.002132196162047073,-0.002136752136752129,,,-0.01684210526315788,,,4.75,4.868,-0.02423993426458515,0.012084604400597054,,,,False,False,,,-1.0
2026-03-04,4.67,,4.67,4.63,4.63,4.62,,,,1176896.0,544991409.76,4.62,,8,0.0,0.0,-0.002159827213822796,,,-0.010706638115631661,,,4.67,4.8605,-0.039193498611253985,0.012036217303822871,,,,False,False,,,-1.0
2026-03-05,4.62,,4.65,4.69,4.68,4.69,,,,960743.0,449472221.76,4.69,,8,0.006493506493506551,-0.002132196162047073,0.002136752136752351,,,0.015151515151515138,,,4.62,4.854,-0.04820766378244745,0.011165289256198252,,,,False,False,,,-1.0
2026-03-06,4.69,,4.67,4.69,4.72,4.72,,,,937905.0,439228492.69,4.72,,8,-0.004264392324093924,0.006396588486140553,0.0,,,0.006396588486140553,,,4.69,4.8454999999999995,-0.03209163141058691,0.010277763693826159,,,,False,False,,,-1.0
2026-03-09,4.72,,4.63,4.64,4.65,4.65,,,,920223.0,426883195.84,4.65,,8,-0.01906779661016944,0.0021551724137931494,0.0,,,-0.01483050847457612,,,4.72,4.825,-0.021761658031088205,0.009385978711132115,,,,True,False,,,-1.0
2026-03-10,4.65,,4.67,4.68,4.66,4.67,,,,639556.0,298634048.83,4.67,,8,0.004301075268817067,-0.004273504273504147,0.0021459227467810482,,,0.004301075268817067,,,4.65,4.8134999999999994,-0.033966967902773315,0.009385978711132115,,,,False,False,,,-1.0
2026-03-11,4.67,,4.69,4.65,4.66,4.67,,,,770623.0,359564833.01,4.67,,8,0.004282655246252709,0.0021505376344086446,0.0021459227467810482,,,0.0,,,4.67,4.813000000000001,-0.029711198836484654,0.008484030589293756,,,,False,False,,,-1.0
2026-03-12,4.67,,4.66,4.66,4.64,4.65,,,,758631.0,353013909.89,4.65,,8,-0.0021413276231262435,-0.0042918454935623185,0.0021551724137931494,,,-0.004282655246252598,,,4.67,4.8115000000000006,-0.02940870830302411,0.008292158968850716,,,,False,False,,,-1.0
2026-03-13,4.65,,4.7,4.68,4.67,4.66,,,,1161301.0,544481451.64,4.66,,8,0.010752688172043001,-0.002136752136752129,-0.0021413276231262435,,,0.0021505376344086446,,,4.65,4.799,-0.031048135028130863,0.008292158968850716,,,,True,False,,,-1.0
2026-03-16,4.66,,4.67,4.65,4.67,4.66,,,,900040.0,420273563.48,4.66,,8,0.0021459227467810482,0.004301075268817067,-0.0021413276231262435,,,0.0,,,4.66,4.787999999999999,-0.02673350041771083,0.009323000753417354,,,,False,False,,,-1.0
2026-03-17,4.66,,4.75,4.7,4.69,4.7,,,,1558016.0,735182811.24,4.7,,8,0.0193133047210301,-0.0021276595744680327,0.002132196162046851,,,0.008583690987124415,,,4.66,4.7805,-0.025206568350590874,0.0074572795625427735,,,,True,False,,,-1.0
2026-03-18,4.7,,4.63,4.62,4.63,4.63,,,,1087653.0,503584403.20000005,4.63,,8,-0.014893617021276673,0.0021645021645020357,0.0,,,-0.014893617021276673,,,4.7,4.7675,-0.014158363922391115,0.0074572795625427735,,,,True,False,,,-1.0
2026-03-19,4.63,,4.58,4.52,4.52,4.5,,,,1406717.0,639045700.3399999,4.5,,8,-0.010799136069114423,0.0,-0.004424778761061843,,,-0.028077753779697567,,,4.63,4.755000000000001,-0.026288117770767783,0.0074572795625427735,,,,True,False,,,-1.0
2026-03-20,4.5,,4.44,4.37,4.35,4.34,,,,1824087.0,801026815.85,4.34,,8,-0.013333333333333197,-0.004576659038901698,-0.0022988505747125743,,,-0.03555555555555556,,,4.5,4.7355,-0.049730757047830254,0.009323000753417354,,,,True,False,,,-1.0
2026-03-23,4.34,,4.21,4.09,4.07,4.02,,,,2120648.0,875914657.11,4.02,,8,-0.02995391705069117,-0.004889975550122161,-0.012285012285012442,,,-0.07373271889400923,,,4.34,4.7065,-0.07787102942738766,0.0093758155719878,,,,True,False,,,-1.0
2026-03-24,4.02,,4.04,4.05,4.07,4.09,,,,915313.0,371679205.05,4.09,,8,0.004975124378109541,0.004938271604938427,0.004914004914004844,,,0.017412935323383172,,,4.02,4.659000000000001,-0.13715389568576974,0.010541633342219803,,,,False,False,,,-1.0
2026-03-25,4.09,,4.11,4.12,4.11,4.12,,,,865156.0,355770187.62,4.12,,8,0.004889975550122383,-0.0024271844660194164,0.0024330900243307862,,,0.007334963325183352,,,4.09,4.617500000000001,-0.11423930698429896,0.0093758155719878,,,,False,False,,,-1.0
2026-03-26,4.12,,4.11,4.05,4.04,4.04,,,,848259.0,345974692.05,4.04,,8,-0.0024271844660194164,-0.0024691358024691024,0.0,,,-0.01941747572815533,,,4.12,4.5735,-0.09915819394336944,0.0074572795625427735,,,,False,False,,,-1.0
2026-03-27,4.04,,4.05,4.06,4.06,4.06,,,,657231.0,265432185.43,4.06,,8,0.0024752475247524774,0.0,0.0,,,0.004950495049504955,,,4.04,4.5344999999999995,-0.10905281728966798,0.005734315435808046,,,,False,False,,,-1.0
2026-03-30,4.06,,3.98,4.02,4.02,4.01,,,,948481.0,379764555.8,4.01,,8,-0.01970443349753681,0.0,-0.0024875621890546595,,,-0.01231527093596052,,,4.06,4.495500000000001,-0.09687465243020821,0.005734315435808046,,,,True,False,,,-1.0
2026-03-31,4.01,,4.05,4.02,4.0,3.99,,,,989657.0,398852457.72,3.99,,8,0.009975062344139696,-0.004975124378109319,-0.0024999999999999467,,,-0.004987531172069737,,,4.01,4.4585,-0.10059437030391394,0.005734315435808046,,,,True,False,,,-1.0
2026-04-01,3.99,,4.0,4.03,4.03,4.04,,,,1068470.0,431001884.37,4.04,,8,0.0025062656641603454,0.0,0.002481389578163684,,,0.012531328320801949,,,3.99,4.4245,-0.09820318680076845,0.005734315435808046,,,,False,False,,,-1.0
2026-04-02,4.04,,3.98,3.93,3.93,3.92,,,,1231611.0,487209190.95,3.92,,8,-0.014851485148514865,0.0,-0.0025445292620865922,,,-0.02970297029702973,,,4.04,4.3955,-0.08087817085655791,0.005734315435808046,,,,True,False,,,-1.0
2026-04-03,3.92,,3.85,3.82,3.83,3.82,,,,1035421.0,397361554.96000004,3.82,,8,-0.017857142857142794,0.002617801047120505,-0.0026109660574412663,,,-0.025510204081632626,,,3.92,4.357,-0.10029837043837508,0.007475093361124618,,,,True,False,,,-1.0
2026-04-07,3.82,,3.79,3.81,3.81,3.81,,,,732911.0,278419795.0,3.81,,8,-0.007853403141361182,0.0,0.0,,,-0.002617801047120394,,,3.82,4.312,-0.114100185528757,0.010363875258091348,,,,False,False,,,-1.0
2026-04-08,3.81,,3.86,3.94,3.95,3.95,,,,1220209.0,477085770.34,3.95,,8,0.013123359580052396,0.002538071065989911,0.0,,,0.036745406824147064,,,3.81,4.27,-0.10772833723653386,0.008914232742750439,,,,True,False,,,-1.0
2026-04-09,3.95,,3.86,3.86,3.87,3.87,,,,857803.0,332161941.82,3.87,,8,-0.0227848101265824,0.002590673575129543,0.0,,,-0.020253164556962022,,,3.95,4.234,-0.067076051015588,0.010363875258091348,,,,True,False,,,-1.0
2026-04-10,3.87,,3.93,3.91,3.9,3.89,,,,762622.0,297904084.53,3.89,,8,0.015503875968992276,-0.002557544757033292,-0.002564102564102555,,,0.0051679586563306845,,,3.87,4.194,-0.07725321888412018,0.010775912120578712,,,,True,False,,,-1.0
2026-04-13,3.89,,3.91,3.9,3.92,3.91,,,,811014.0,315793902.0,3.91,,8,0.005141388174807249,0.00512820512820511,-0.0025510204081632404,,,0.005141388174807249,,,3.89,4.156000000000001,-0.06400384985563057,0.01196124782458341,,,,False,False,,,-1.0
2026-04-14,3.91,,3.93,4.02,4.0,4.02,,,,1822756.0,724745487.07,4.02,,8,0.005115089514066584,-0.004975124378109319,0.004999999999999893,,,0.028132992327365658,,,3.91,4.1185,-0.05062522763141919,0.01196124782458341,,,,False,False,,,-1.0
2026-04-15,4.02,,4.01,3.96,3.96,3.97,,,,1171299.0,466921648.59,3.97,,8,-0.0024875621890546595,0.0,0.002525252525252597,,,-0.01243781094527352,,,4.02,4.086499999999999,-0.016273094335005456,0.01196124782458341,,,,False,False,,,-1.0
2026-04-16,3.97,,3.95,3.95,3.96,3.96,,,,689006.0,272882730.3,3.96,,8,-0.005037783375314908,0.0025316455696202667,0.0,,,-0.0025188916876575096,,,3.97,4.05,-0.01975308641975304,0.01038709920662706,,,,False,False,,,-1.0
2026-04-17,3.96,,3.98,3.97,3.96,3.96,,,,984424.0,391407429.87,3.96,,8,0.005050505050504972,-0.0025188916876575096,0.0,,,0.0,,,3.96,4.0165,-0.014066973733349863,0.008914232742750439,,,,False,False,,,-1.0
2026-04-20,3.96,,3.91,3.92,3.93,3.93,,,,805786.0,315420341.14,3.93,,8,-0.012626262626262541,0.0025510204081633514,0.0,,,-0.007575757575757569,,,3.96,3.9894999999999996,-0.007394410327108525,0.006497395658084215,,,,True,False,,,-1.0
2026-04-21,3.93,,3.91,3.9,3.9,3.9,,,,728869.0,284972512.82,3.9,,8,-0.0050890585241730735,0.0,0.0,,,-0.007633587786259555,,,3.93,3.969,-0.009826152683295453,0.006497395658084215,,,,False,False,,,-1.0
2026-04-22,3.9,,3.89,3.89,3.87,3.88,,,,764654.0,296503187.09,3.88,,8,-0.002564102564102555,-0.005141388174807249,0.0025839793281652312,,,-0.00512820512820511,,,3.9,3.9629999999999996,-0.015897047691142974,0.0051282388444369165,,,,False,False,,,-1.0
2026-04-23,3.88,,3.84,3.83,3.82,3.81,,,,1060385.0,406561190.06,3.81,,8,-0.010309278350515427,-0.0026109660574412663,-0.002617801047120394,,,-0.018041237113401998,,,3.88,3.9524999999999997,-0.01834282099936746,0.0051282388444369165,,,,True,False,,,-1.0
2026-04-24,3.81,,3.77,3.75,3.77,3.75,,,,904443.0,340528638.59000003,3.75,,8,-0.01049868766404205,0.005333333333333412,-0.0053050397877983935,,,-0.015748031496062964,,,3.81,3.9370000000000003,-0.032258064516129115,0.006497395658084215,,,,True,False,,,-1.0
2026-04-27,3.75,,3.71,3.72,3.73,3.73,,,,799302.0,297465726.45,3.73,,8,-0.010666666666666713,0.0026881720430107503,0.0,,,-0.005333333333333301,,,3.75,3.9225000000000003,-0.04397705544933084,0.008914232742750439,,,,True,False,,,-1.0
2026-04-28,3.73,,3.78,3.74,3.74,3.75,,,,915100.0,344857097.27,3.75,,8,0.013404825737265424,0.0,0.002673796791443861,,,0.00536193029490617,,,3.73,3.9059999999999997,-0.04505888376856115,0.010142170347327562,,,,True,False,,,-1.0
2026-04-29,3.75,,3.86,3.87,3.88,3.87,,,,1452255.0,559644423.01,3.87,,8,0.02933333333333321,0.0025839793281652312,-0.002577319587628857,,,0.03200000000000003,,,3.75,3.893,-0.03673259696891851,0.010142170347327562,,,,True,False,,,-1.0
2026-04-30,3.87,,3.92,3.92,3.92,3.91,,,,1659541.0,648035065.69,3.91,,8,0.012919896640826822,0.0,-0.0025510204081632404,,,0.010335917312661591,,,3.87,3.8869999999999996,-0.004373552868536024,0.010403983007278739,,,,True,False,,,-1.0
2026-05-06,3.91,,3.94,4.02,4.01,4.01,,,,1828287.0,726387514.5,4.01,,8,0.007672634271099765,-0.0024875621890546595,0.0,,,0.025575447570332477,,,3.91,3.8805,0.007602113129751231,0.010582677165354382,,,,False,False,,,1.0
2026-05-07,4.01,,3.96,3.97,3.98,3.98,,,,1134746.0,451546433.4,3.98,,8,-0.012468827930174564,0.0025188916876572875,0.0,,,-0.007481296758104716,,,4.01,3.8850000000000002,0.03217503217503204,0.010403983007278739,,,,True,False,,,1.0
2026-05-08,3.98,,4.03,4.0,3.98,4.0,,,,1109767.0,443314476.0,4.0,,8,0.012562814070351758,-0.0050000000000000044,0.005025125628140614,,,0.005025125628140614,,,3.98,3.893,0.022347803750321082,0.010403983007278739,,,,True,False,,,1.0
2026-05-11,4.0,,4.12,4.09,4.09,4.09,,,,1930321.0,787127184.02,4.09,,8,0.030000000000000027,0.0,0.0,,,0.022499999999999964,,,4.0,3.9025000000000007,0.024983984625239986,0.010582677165354382,,,,True,False,,,1.0
2026-05-12,4.09,,4.07,4.08,4.07,4.1,,,,1773139.0,725632370.58,4.1,,8,-0.004889975550122161,-0.002450980392156854,0.007371007371007154,,,0.0024449877750609694,,,4.09,3.9095,0.04616958690369599,0.010582677165354382,,,,False,False,,,1.0
2026-05-13,4.1,,4.02,3.99,3.99,3.99,,,,1308767.0,524880558.92,3.99,,8,-0.019512195121951237,0.0,0.0,,,-0.02682926829268284,,,4.1,3.9210000000000003,0.0456516194848251,0.010403983007278739,,,,True,False,,,1.0
2026-05-14,3.99,,3.93,3.89,3.89,3.87,,,,1253987.0,490920734.54,3.87,,8,-0.015037593984962405,0.0,-0.005141388174807249,,,-0.03007518796992481,,,3.99,3.9259999999999997,0.016301579215486584,0.010403983007278739,,,,True,False,,,1.0
2026-05-15,3.87,,3.86,3.79,3.77,3.78,,,,1204343.0,459772879.15,3.78,,8,-0.0025839793281654533,-0.00527704485488123,0.0026525198938991412,,,-0.023255813953488413,,,3.87,3.9240000000000004,-0.013761467889908285,0.010582677165354382,,,,False,False,,,-1.0
2026-05-18,3.78,,3.71,3.68,3.68,3.68,,,,1523378.0,563488993.6700001,3.68,,8,-0.01851851851851849,0.0,0.0,,,-0.026455026455026398,,,3.78,3.9120000000000004,-0.0337423312883437,0.010582677165354382,,,,True,False,,,-1.0
2026-05-19,3.68,,3.71,3.68,3.71,3.71,,,,1001108.0,370083486.15999997,3.71,,8,0.008152173913043459,0.008152173913043459,0.0,,,0.008152173913043459,,,3.68,3.8975,-0.05580500320718407,0.011567747298420639,,,,False,False,,,-1.0
2026-05-20,3.71,,3.61,3.6,3.59,3.6,,,,1204426.0,435565882.62,3.6,,8,-0.02695417789757415,-0.002777777777777879,0.0027855153203342198,,,-0.029649595687331498,,,3.71,3.8850000000000002,-0.04504504504504514,0.011567747298420639,,,,True,False,,,-1.0
2026-05-21,3.6,,3.61,3.52,3.51,3.47,,,,1317371.0,467982969.56,3.47,,8,0.002777777777777768,-0.0028409090909091717,-0.011396011396011319,,,-0.036111111111111094,,,3.6,3.867,-0.06904577191621408,0.012515821000263161,,,,False,False,,,-1.0
2026-05-22,3.47,,3.45,3.48,3.48,3.46,,,,866518.0,300537452.82,3.46,,8,-0.0057636887608069065,0.0,-0.005747126436781658,,,-0.0028818443804035088,,,3.47,3.844,-0.09729448491155035,0.011567747298420639,,,,False,False,,,-1.0
2026-05-25,3.46,,3.44,3.47,3.47,3.49,,,,950101.0,330193188.58,3.49,,8,-0.005780346820809301,0.0,0.0057636887608070175,,,0.00867052023121384,,,3.46,3.8220000000000005,-0.09471480900052343,0.011567747298420639,,,,False,False,,,-1.0
2026-05-26,3.49,,3.45,3.38,3.39,3.39,,,,1264630.0,430589235.86,3.39,,8,-0.011461318051575908,0.002958579881656931,0.0,,,-0.028653295128939882,,,3.49,3.8024999999999998,-0.08218277449046674,0.011567747298420639,,,,False,False,,,-1.0
2026-05-27,3.39,,3.33,3.34,3.34,3.33,,,,1446504.0,480345216.87,3.33,,8,-0.017699115044247815,0.0,-0.0029940119760478723,,,-0.017699115044247815,,,3.39,3.7815,-0.10353034510115022,0.011965072990875236,,,,True,False,,,-1.0
2026-05-28,3.33,,3.35,3.31,3.3,3.31,,,,1208694.0,402176015.13,3.31,,8,0.006006006006006093,-0.0030211480362538623,0.003030303030303161,,,-0.006006006006005982,,,3.33,3.7604999999999995,-0.11447945751894684,0.012515821000263161,,,,False,False,,,-1.0
2026-05-29,3.31,,3.64,3.56,3.55,3.55,,,,4514928.0,1612850371.1499999,3.55,,8,0.09969788519637457,-0.002808988764045006,0.0,,,0.07250755287009047,,,3.31,3.7395000000000005,-0.11485492712929546,0.012515821000263161,,,,True,False,,,-1.0
2026-06-01,3.55,,3.5,3.45,3.47,3.47,,,,3284125.0,1135995932.81,3.47,,8,-0.014084507042253502,0.005797101449275477,0.0,,,-0.022535211267605493,,,3.55,3.7295000000000003,-0.04812977610939817,0.012515821000263161,,,,True,False,,,-1.0
2026-06-02,3.47,,3.44,3.37,3.38,3.39,,,,2567079.0,875666034.17,3.39,,8,-0.008645533141210415,0.0029673590504450953,0.002958579881656931,,,-0.023054755043227737,,,3.47,3.7095,-0.06456395740665843,0.012515821000263161,,,,False,False,,,-1.0
2026-06-03,3.39,,3.29,3.31,3.3,3.28,,,,2114604.0,697163393.89,3.28,,8,-0.029498525073746285,-0.0030211480362538623,-0.0060606060606061,,,-0.03244837758112107,,,3.39,3.6835,-0.07967965250441156,0.011965072990875236,,,,True,False,,,-1.0
2026-06-04,3.28,,3.29,3.2,3.19,3.21,,,,1816544.0,589220748.64,3.21,,8,0.0030487804878049918,-0.0031250000000000444,0.006269592476489061,,,-0.021341463414634054,,,3.28,3.647,-0.10063065533315052,0.012515821000263161,,,,False,False,,,-1.0
2026-06-05,3.21,,3.27,3.27,3.25,3.25,,,,1644371.0,540009020.97,3.25,,8,0.01869158878504673,-0.006116207951070374,0.0,,,0.012461059190031154,,,3.21,3.6085000000000003,-0.11043369821255378,0.012012066060963833,,,,True,False,,,-1.0
2026-06-08,3.25,,3.23,3.14,3.15,3.14,,,,1524905.0,485328515.83,3.14,,8,-0.006153846153846176,0.0031847133757960666,-0.0031746031746030523,,,-0.03384615384615386,,,3.25,3.571,-0.08989078689442742,0.012772912546914705,,,,False,False,,,-1.0
2026-06-09,3.14,,3.1,3.1,3.12,3.12,,,,1280123.0,396653480.88,3.12,,8,-0.01273885350318471,0.006451612903225712,0.0,,,-0.006369426751592355,,,3.14,3.5235,-0.10884064140769112,0.010053425596393162,,,,True,False,,,-1.0
2026-06-10,3.12,,3.1,3.14,3.14,3.15,,,,1198192.0,373433200.18,3.15,,8,-0.0064102564102563875,0.0,0.0031847133757960666,,,0.009615384615384581,,,3.12,3.4745,-0.10202906893078134,0.01210008577738031,,,,False,False,,,-1.0
2026-06-11,3.15,,3.15,3.13,3.12,3.12,,,,1173934.0,368365944.03,3.12,,8,0.0,-0.0031948881789136685,0.0,,,-0.00952380952380949,,,3.15,3.4325,-0.08230152949745084,0.010053425596393162,,,,False,False,,,-1.0
2026-06-12,3.12,,3.12,3.14,3.15,3.16,,,,1414476.0,444538051.4,3.16,,8,0.0,0.0031847133757960666,0.0031746031746031633,,,0.012820512820512775,,,3.12,3.3949999999999996,-0.0810014727540499,0.008398853527126937,,,,False,False,,,-1.0
2026-06-15,3.16,,3.17,3.13,3.13,3.13,,,,1274200.0,401086507.09000003,3.13,,8,0.0031645569620253333,0.0,0.0,,,-0.009493670886076,,,3.16,3.364,-0.06064209274673005,0.008398853527126937,,,,False,False,,,-1.0
2026-06-16,3.13,,3.06,3.07,3.07,3.07,,,,1139539.0,350247054.7,3.07,,8,-0.022364217252396124,0.0,0.0,,,-0.019169329073482455,,,3.13,3.3365,-0.061891203356811086,0.007281215161649923,,,,True,False,,,-1.0
2026-06-17,3.07,,3.03,3.08,3.09,3.09,,,,1654197.0,510109055.83,3.09,,8,-0.013029315960912058,0.0032467532467532756,0.0,,,0.006514657980456029,,,3.07,3.3045,-0.07096383719170829,0.007527894775733401,,,,True,False,,,-1.0
2026-06-18,3.09,,3.11,3.09,3.06,3.06,,,,1615083.0,500693464.66,3.06,,8,0.006472491909385036,-0.009708737864077555,0.0,,,-0.009708737864077555,,,3.09,3.279,-0.057639524245196694,0.007527894775733401,,,,False,False,,,-1.0
2026-06-22,3.06,,2.99,3.09,3.09,3.11,,,,1658904.0,504829154.66999996,3.11,,8,-0.02287581699346397,0.0,0.006472491909385036,,,0.016339869281045694,,,3.06,3.2585,-0.06091760012275593,0.007559012525297726,,,,True,False,,,-1.0
2026-06-23,3.11,,3.16,3.1,3.08,3.09,,,,1562924.0,489681808.38,3.09,,8,0.016077170418006492,-0.006451612903225823,0.0032467532467532756,,,-0.006430868167202619,,,3.11,3.2410000000000005,-0.040419623572971464,0.010053425596393162,,,,True,False,,,-1.0
2026-06-24,3.09,,3.03,2.99,2.98,2.97,,,,1532115.0,460458778.83,2.97,,8,-0.01941747572815533,-0.0033444816053512794,-0.003355704697986517,,,-0.03883495145631055,,,3.09,3.221,-0.04067059919279736,0.01210008577738031,,,,True,False,,,-1.0
2026-06-25,2.97,,2.92,2.92,2.94,2.95,,,,1383373.0,406729361.59,2.95,,8,-0.01683501683501687,0.006849315068493178,0.003401360544217802,,,-0.006734006734006703,,,2.97,3.2,-0.07187500000000002,0.012884084732048384,,,,True,False,,,-1.0
2026-06-26,2.95,,2.94,3.03,3.01,3.01,,,,2084131.0,628786448.96,3.01,,8,-0.003389830508474634,-0.0066006600660065695,0.0,,,0.02033898305084736,,,2.95,3.181,-0.07261867337315309,0.012884084732048384,,,,False,False,,,-1.0
2026-06-29,3.01,,3.02,3.04,3.04,3.04,,,,1558535.0,470554213.62,3.04,,8,0.0033222591362127574,0.0,0.0,,,0.00996677740863805,,,3.01,3.166,-0.04927353126974099,0.012884084732048384,,,,False,False,,,-1.0
2026-06-30,3.04,,3.0,2.96,2.96,2.96,,,,1093686.0,325878210.53,2.96,,8,-0.013157894736842146,0.0,0.0,,,-0.02631578947368418,,,3.04,3.1405000000000003,-0.03200127368253469,0.010692193322197563,,,,True,False,,,-1.0
