trade_date,sign_r1,sign_r12,sign_r1_r12,weight_r1,weight_r12,weight_r1_r12,enh_r1_ma40_trend_r1_abs,enh_r1_ma30_trend_r1_abs,enh_r1_ma10_trend_only
2025-07-01,-0.0,-0.0,-0.0,0.0,0.0,0.0,0.0,0.0,0.0
2025-07-02,-0.009316770186335255,-0.009316770186335255,-0.009316770186335255,0.0,0.0,0.0,0.0,0.0,0.0
2025-07-03,0.0015455950540957941,-0.0015455950540957941,-0.0,-0.0,-0.0,-0.0,-0.0,-0.0,-0.0
2025-07-04,0.0,-0.0,0.0,0.0,0.0,0.0,0.0,0.0,0.0
2025-07-07,-0.0015313935681471325,0.0015313935681471325,-0.0,-0.0,-0.0,-0.0,-0.0,-0.0,-0.0
2025-07-08,-0.0,0.0,0.0,0.0,0.0,0.0,0.0,0.0,0.0
2025-07-09,-0.0,-0.0,-0.0,0.0,0.0,0.0,0.0,0.0,0.0
2025-07-10,-0.002949852507374673,-0.002949852507374673,-0.002949852507374673,-0.0,-0.0,-0.0,-0.0,-0.0,-0.0
2025-07-11,0.002949852507374673,-0.002949852507374673,-0.0,-0.0,-0.0,-0.0,-0.0,-0.0,-0.0
2025-07-14,0.0014992503748125774,-0.0014992503748125774,-0.0,-0.0,-0.0,-0.0,-0.0,-0.0,-0.0
2025-07-15,-0.003039513677811412,0.003039513677811412,0.0,0.0,0.0,0.0,0.0,0.0,0.0
2025-07-16,-0.0,-0.0,-0.0,0.0,0.0,0.0,0.0,0.0,0.0
2025-07-17,-0.0015267175572519776,0.0015267175572519776,0.0,0.0,0.0,0.0,0.0,0.0,-0.0015267175572519776
2025-07-18,0.0,0.0,0.0,0.0,0.0,0.0,0.0,0.0,0.0
2025-07-21,-0.001512859304084846,-0.001512859304084846,-0.001512859304084846,-0.0,-0.0,-0.0,-0.0,-0.0,-0.0
2025-07-22,-0.001494768310911887,-0.001494768310911887,-0.001494768310911887,0.0,0.0,0.0,0.0,0.0,-0.001494768310911887
2025-07-23,0.004484304932735439,-0.004484304932735439,0.0,0.0,0.0,0.0,0.0,0.0,0.004484304932735439
2025-07-24,0.002945508100147265,0.002945508100147265,0.002945508100147265,0.0,0.0,0.0,0.0,0.0,0.002945508100147265
2025-07-25,-0.0,-0.0,-0.0,0.0,0.0,0.0,0.0,0.0,0.0
2025-07-28,-0.001474926253687281,-0.001474926253687281,-0.001474926253687281,0.0,0.0,0.0,0.0,0.0,0.0
2025-07-29,-0.004424778761061843,0.004424778761061843,0.0,0.0,0.0,0.0,0.0,0.0,0.0
2025-07-30,-0.004457652303120341,0.004457652303120341,-0.0,-0.0,-0.0,-0.0,-0.0,-0.0,-0.004457652303120341
2025-07-31,-0.0,-0.0,-0.0,0.0,0.0,0.0,0.0,0.0,-0.0
2025-08-01,0.0031201248049922414,-0.0031201248049922414,-0.0,-0.0,-0.0,-0.0,-0.0,-0.0,0.0031201248049922414
2025-08-04,-0.0,0.0,0.0,0.0,0.0,0.0,0.0,0.0,-0.0
2025-08-05,0.0015527950310558758,0.0015527950310558758,0.0015527950310558758,0.0,0.0,0.0,0.0,0.0,0.0
2025-08-06,-0.0,-0.0,-0.0,0.0,0.0,0.0,0.0,0.0,-0.0
2025-08-07,-0.0,-0.0,-0.0,0.0,0.0,0.0,0.0,0.0,-0.0
2025-08-08,-0.0,0.0,0.0,0.0,0.0,0.0,0.0,0.0,-0.0
2025-08-11,-0.0015408320493065508,0.0015408320493065508,-0.0,-0.0,-0.0,-0.0,-0.0,-0.0,-0.0
2025-08-12,0.0015432098765433278,0.0015432098765433278,0.0015432098765433278,-0.0,-0.0,-0.0,-0.0,-0.0,0.0015432098765433278
2025-08-13,-0.0031055900621117516,-0.0031055900621117516,-0.0031055900621117516,0.0,0.0,0.0,0.0,0.0,-0.0031055900621117516
2025-08-14,-0.0031007751937984773,-0.0031007751937984773,-0.0031007751937984773,-0.0,-0.0,-0.0,-0.0,-0.0,-0.0031007751937984773
2025-08-15,0.003072196620583778,-0.003072196620583778,0.0,0.0,0.0,0.0,0.0,0.0,0.0
2025-08-18,-0.0,-0.0,-0.0,0.0,0.0,0.0,0.0,0.0,0.0
2025-08-19,0.0,-0.0,0.0,0.0,0.0,0.0,0.0,0.0,0.0
2025-08-20,0.003062787136294043,0.003062787136294043,0.003062787136294043,0.0,0.0,0.0,0.0,0.0,0.003062787136294043
2025-08-21,-0.0,-0.0,-0.0,0.0,0.0,0.0,0.0,0.0,0.0
2025-08-22,-0.0015267175572519776,0.0015267175572519776,0.0,0.0,0.0,0.0,0.0,0.0,0.0
2025-08-25,-0.00417246175243402,0.00417246175243402,-0.0,-0.0,-0.0,-0.0,-0.0,-0.0,-0.00417246175243402
2025-08-26,0.0014285714285714457,0.0014285714285714457,0.0014285714285714457,-0.0,-0.0,-0.0,-0.0,-0.0,-0.0
2025-08-27,0.005899705014749235,0.005899705014749235,0.005899705014749235,-0.0,-0.0,-0.0,-0.0,-0.0,-0.0
2025-08-28,0.008941877794336861,0.008941877794336861,0.008941877794336861,0.0,0.0,0.0,0.0,0.0,0.008941877794336861
2025-08-29,0.0,-0.0,0.0,0.0,0.0,0.0,0.0,0.0,0.0
2025-09-01,-0.002945508100147265,0.002945508100147265,0.0,0.0,0.0,0.0,0.0,0.0,0.0
2025-09-02,0.0014858841010402246,0.0014858841010402246,0.0014858841010402246,-0.0,-0.0,-0.0,-0.0,-0.0,-0.0
2025-09-03,0.0015174506828528056,0.0015174506828528056,0.0015174506828528056,-0.0,-0.0,-0.0,-0.0,-0.0,0.0015174506828528056
2025-09-04,0.006163328197226425,-0.006163328197226425,0.0,0.0,0.0,0.0,0.0,0.0,0.0
2025-09-05,-0.001519756838905817,0.001519756838905817,0.0,0.0,0.0,0.0,0.0,0.0,-0.001519756838905817
2025-09-08,0.0,0.0,0.0,0.0,0.0,0.0,0.0,0.0,0.0
2025-09-09,0.0014598540145986938,-0.0014598540145986938,0.0,0.0,0.0,0.0,0.0014598540145986938,0.0014598540145986938,0.0014598540145986938
2025-09-10,-0.004392386530014614,-0.004392386530014614,-0.004392386530014614,0.0,0.0,0.0,0.0,0.0,0.0
2025-09-11,-0.004411764705882337,0.004411764705882337,0.0,0.0,0.0,0.0,0.0,0.0,0.0
2025-09-12,0.004341534008683201,-0.004341534008683201,0.0,0.0,0.0,0.0,0.0,0.0,0.004341534008683201
2025-09-15,-0.007225433526011571,-0.007225433526011571,-0.007225433526011571,0.0,0.0,0.0,0.0,0.0,0.0
2025-09-16,-0.007153075822603716,0.007153075822603716,0.0,0.0,0.0,0.0,0.0,0.0,0.0
2025-09-17,-0.004273504273504258,0.004273504273504258,0.0,0.0,0.0,0.0,0.0,0.0,0.0
2025-09-18,-0.0014792899408284654,-0.0014792899408284654,-0.0014792899408284654,0.0,0.0,0.0,0.0,0.0,0.0
2025-09-19,0.0028571428571427804,-0.0028571428571427804,-0.0,-0.0,-0.0,-0.0,-0.0,-0.0,0.0028571428571427804
2025-09-22,0.004304160688665792,-0.004304160688665792,0.0,0.0,0.0,0.0,0.0,0.0,0.004304160688665792
2025-09-23,-0.0029673590504450953,0.0029673590504450953,0.0,0.004451038575667643,0.004451038575667643,0.004451038575667643,0.0,0.0,0.0
2025-09-24,0.0,-0.0,0.0,0.0,0.0,0.0,0.0,0.0,0.0
2025-09-25,-0.0,-0.0,-0.0,0.0,0.0,0.0,0.0,0.0,-0.0
2025-09-26,0.004392386530014725,0.004392386530014725,0.004392386530014725,-0.006588579795022087,-0.006588579795022087,-0.006588579795022087,-0.0,-0.0,0.004392386530014725
2025-09-29,-0.0,-0.0,-0.0,0.0,0.0,0.0,0.0,0.0,-0.0
2025-09-30,0.0,-0.0,0.0,0.0,0.0,0.0,0.0,0.0,0.0
2025-10-09,-0.002954209748892156,0.002954209748892156,0.0,0.004431314623338234,0.004431314623338234,0.004431314623338234,0.0,0.0,0.0
2025-10-10,-0.0014836795252224366,-0.0014836795252224366,-0.0014836795252224366,0.002225519287833655,0.002225519287833655,0.002225519287833655,0.0,0.0,-0.0014836795252224366
2025-10-13,-0.0,0.0,0.0,0.0,0.0,0.0,0.0,-0.0,-0.0
2025-10-14,-0.003053435114503733,0.003053435114503733,-0.0,-0.0045801526717556,-0.0045801526717556,-0.0045801526717556,-0.0,-0.0,-0.0
2025-10-15,-0.0,0.0,0.0,0.0,0.0,0.0,0.0,0.0,-0.0
2025-10-16,0.0015600624024960652,0.0015600624024960652,0.0015600624024960652,-0.002340093603744098,-0.002340093603744098,-0.002340093603744098,-0.0,-0.0,0.0015600624024960652
2025-10-17,-0.0,-0.0,-0.0,0.0,0.0,0.0,0.0,0.0,-0.0
2025-10-20,0.004754358161648264,-0.004754358161648264,0.0,0.007131537242472397,0.007131537242472397,0.007131537242472397,0.0,0.0,0.0
2025-10-21,-0.0015600624024960652,-0.0015600624024960652,-0.0015600624024960652,-0.002340093603744098,-0.002340093603744098,-0.002340093603744098,-0.0,-0.0,-0.0
2025-10-22,0.0015698587127157548,-0.0015698587127157548,0.0,0.0023547880690736323,0.0023547880690736323,0.0023547880690736323,0.0,0.0,0.0
2025-10-23,-0.0015698587127157548,0.0015698587127157548,0.0,0.0023547880690736323,0.0023547880690736323,0.0023547880690736323,0.0,0.0,-0.0015698587127157548
2025-10-24,-0.0015748031496063408,0.0015748031496063408,0.0,0.0023622047244095112,0.0023622047244095112,0.0023622047244095112,0.0,0.0,-0.0015748031496063408
2025-10-27,-0.0,-0.0,-0.0,0.0,0.0,0.0,0.0,0.0,-0.0
2025-10-28,0.0015923566878981443,0.0015923566878981443,0.0015923566878981443,-0.0023885350318472165,-0.0023885350318472165,-0.0023885350318472165,-0.0,-0.0,0.0015923566878981443
2025-10-29,-0.0015873015873015817,-0.0015873015873015817,-0.0015873015873015817,0.0023809523809523725,0.0023809523809523725,0.0023809523809523725,0.0,0.0,-0.0015873015873015817
2025-10-30,-0.0,-0.0,-0.0,0.0,0.0,0.0,0.0,0.0,-0.0
2025-10-31,0.0031796502384738856,-0.0031796502384738856,-0.0,-0.004769475357710828,-0.004769475357710828,-0.004769475357710828,-0.0,-0.0,0.0031796502384738856
2025-11-03,0.0015898251192367763,-0.0015898251192367763,0.0,0.0023847376788551644,0.0023847376788551644,0.0023847376788551644,0.0,0.0,0.0
2025-11-04,-0.001607717041800738,-0.001607717041800738,-0.001607717041800738,0.002411575562701107,0.002411575562701107,0.002411575562701107,-0.001607717041800738,-0.001607717041800738,-0.001607717041800738
2025-11-05,0.0016051364365972098,-0.0016051364365972098,-0.0,-0.0024077046548958148,-0.0024077046548958148,-0.0024077046548958148,-0.0,-0.0,0.0016051364365972098
2025-11-06,-0.0,-0.0,-0.0,0.0,0.0,0.0,-0.0,-0.0,-0.0
2025-11-07,0.0,-0.0,0.0,0.0,0.0,0.0,0.0,0.0,0.0
2025-11-10,0.0016000000000000458,-0.0016000000000000458,0.0,0.0024000000000000687,0.0024000000000000687,0.0024000000000000687,0.0,0.0,0.0
2025-11-11,0.0,0.0,0.0,0.0,0.0,0.0,0.0,0.0,0.0
2025-11-12,0.0015948963317383713,-0.0015948963317383713,-0.0,-0.002392344497607557,-0.002392344497607557,-0.002392344497607557,-0.0,-0.0,-0.0
2025-11-13,0.0031948881789138905,-0.0031948881789138905,0.0,0.004792332268370836,0.004792332268370836,0.004792332268370836,0.0,0.0,0.0031948881789138905
2025-11-14,-0.0015923566878981443,0.0015923566878981443,-0.0,-0.0023885350318472165,-0.0023885350318472165,-0.0023885350318472165,-0.0,-0.0,-0.0015923566878981443
2025-11-17,-0.0016000000000000458,-0.0016000000000000458,-0.0016000000000000458,0.0024000000000000687,0.0024000000000000687,0.0024000000000000687,0.0,0.0,0.0
2025-11-18,-0.0,-0.0,-0.0,0.0,0.0,0.0,-0.0,-0.0,0.0
2025-11-19,0.0016474464579901982,-0.0016474464579901982,-0.0,-0.0024711696869852973,-0.0024711696869852973,-0.0024711696869852973,0.0016474464579901982,0.0016474464579901982,0.0016474464579901982
2025-11-20,-0.001615508885298933,-0.001615508885298933,-0.001615508885298933,0.0024232633279483995,0.0024232633279483995,0.0024232633279483995,0.0,0.0,-0.001615508885298933
2025-11-21,0.00328947368421062,0.00328947368421062,0.00328947368421062,-0.00493421052631593,-0.00493421052631593,-0.00493421052631593,0.00328947368421062,0.00328947368421062,0.00328947368421062
2025-11-24,-0.006578947368421018,0.006578947368421018,-0.0,-0.009868421052631526,-0.009868421052631526,-0.009868421052631526,-0.0,-0.0,-0.0
2025-11-25,-0.0,-0.0,-0.0,0.0,0.0,0.0,0.0,0.0,-0.0
2025-11-26,0.0,-0.0,0.0,0.0,0.0,0.0,0.0,0.0,0.0
2025-11-27,0.0036429872495447047,0.0036429872495447047,0.0036429872495447047,-0.005464480874317057,-0.005464480874317057,-0.005464480874317057,0.0036429872495447047,0.0036429872495447047,0.0036429872495447047
2025-11-28,0.0018552875695732052,0.0018552875695732052,0.0018552875695732052,-0.0027829313543598078,-0.0027829313543598078,-0.0027829313543598078,0.0018552875695732052,0.0018552875695732052,0.0018552875695732052
2025-12-01,-0.0,-0.0,-0.0,0.0,0.0,0.0,-0.0,-0.0,-0.0
2025-12-02,0.0,-0.0,0.0,0.0,0.0,0.0,0.0,0.0,0.0
2025-12-03,0.003976143141153132,0.003976143141153132,0.003976143141153132,-0.005964214711729698,-0.005964214711729698,-0.005964214711729698,0.003976143141153132,0.003976143141153132,0.003976143141153132
2025-12-04,0.002008032128514192,-0.002008032128514192,-0.0,-0.0030120481927712883,-0.0030120481927712883,-0.0030120481927712883,0.002008032128514192,0.002008032128514192,0.002008032128514192
2025-12-05,0.004024144869215207,-0.004024144869215207,-0.0,-0.006036217303822811,-0.006036217303822811,-0.006036217303822811,0.004024144869215207,0.004024144869215207,0.004024144869215207
2025-12-08,-0.0,-0.0,-0.0,0.0,0.0,0.0,0.0,0.0,-0.0
2025-12-09,0.006250000000000089,-0.006250000000000089,-0.0,-0.009375000000000133,-0.009375000000000133,-0.009375000000000133,0.006250000000000089,0.006250000000000089,0.006250000000000089
2025-12-10,-0.0,-0.0,-0.0,0.0,0.0,0.0,0.0,0.0,-0.0
2025-12-11,0.003929273084479323,0.003929273084479323,0.003929273084479323,-0.005893909626718985,-0.005893909626718985,-0.005893909626718985,0.003929273084479323,0.003929273084479323,-0.0
2025-12-12,-0.007905138339920903,-0.007905138339920903,-0.007905138339920903,-0.011857707509881354,-0.011857707509881354,-0.011857707509881354,-0.0,-0.0,-0.0
2025-12-15,0.004089979550102152,0.004089979550102152,0.004089979550102152,-0.006134969325153228,-0.006134969325153228,-0.006134969325153228,0.004089979550102152,0.004089979550102152,0.004089979550102152
2025-12-16,0.004040404040403844,-0.004040404040403844,0.0,0.0060606060606057666,0.0060606060606057666,0.0060606060606057666,0.0,0.0,0.0
2025-12-17,-0.002020202020202033,0.002020202020202033,0.0,0.0016883123606877,0.00303030303030305,-0.0010101010101010166,-0.002020202020202033,-0.002020202020202033,-0.002020202020202033
2025-12-18,0.002049180327868827,0.002049180327868827,0.002049180327868827,-0.0030737704918032405,-0.0030737704918032405,-0.0030737704918032405,-0.0,-0.0,0.002049180327868827
2025-12-19,0.004098360655737876,0.004098360655737876,0.004098360655737876,0.006147540983606814,0.006147540983606814,0.006147540983606814,0.0,0.0,0.0
2025-12-22,-0.0,0.0,0.0,0.0,0.0,0.0,0.0,0.0,-0.0
2025-12-23,-0.0,-0.0,-0.0,0.0,0.0,0.0,-0.0,-0.0,-0.0
2025-12-24,0.004184100418410108,0.004184100418410108,0.004184100418410108,-0.006276150627615162,-0.006276150627615162,-0.006276150627615162,-0.0,-0.0,0.004184100418410108
2025-12-25,0.0020920502092049986,0.0020920502092049986,0.0020920502092049986,0.003138075313807498,0.003138075313807498,0.003138075313807498,0.0,0.0,0.0
2025-12-26,0.0020920502092051096,-0.0020920502092051096,-0.0,-0.0031380753138076645,-0.0031380753138076645,-0.0031380753138076645,-0.0,-0.0,0.0020920502092051096
2025-12-29,0.0,-0.0,0.0,0.0,0.0,0.0,0.0,0.0,0.0
2025-12-30,0.006451612903225823,-0.006451612903225823,-0.0,-0.0087084312797436,-0.009677419354838734,0.0032258064516129115,0.006451612903225823,0.006451612903225823,0.006451612903225823
2025-12-31,0.0,-0.0,0.0,0.0,0.0,0.0,0.0,0.0,0.0
2026-01-05,-0.0021008403361344463,-0.0021008403361344463,-0.0021008403361344463,-0.0031512605042016695,-0.0009494802078708839,-0.0031512605042016695,-0.0,-0.0,-0.0
2026-01-06,0.0020746887966804906,0.0020746887966804906,0.0020746887966804906,0.003112033195020736,-0.0010373443983402453,-0.0010373443983402453,0.0,0.0,0.0
2026-01-07,0.004210526315789331,0.004210526315789331,0.004210526315789331,-0.005761195700617003,-0.006315789473683997,-0.006315789473683997,0.004210526315789331,0.004210526315789331,-0.0
2026-01-08,0.0020366598778003286,0.0020366598778003286,0.0020366598778003286,-0.003054989816700493,-0.003054989816700493,-0.003054989816700493,-0.0,-0.0,0.0020366598778003286
2026-01-09,-0.020576131687242816,0.020576131687242816,0.0,0.030864197530864224,-0.007165761534748512,-0.004394584284907589,0.0,0.0,0.0
2026-01-12,-0.0,0.0,0.0,0.0,0.0,0.0,-0.0,0.0,0.0
2026-01-13,0.00412371134020606,0.00412371134020606,0.00412371134020606,-0.00618556701030909,-0.00618556701030909,-0.00618556701030909,-0.0,-0.0,-0.0
2026-01-14,0.010548523206751037,0.010548523206751037,0.010548523206751037,-0.015822784810126556,-0.015822784810126556,-0.015822784810126556,-0.0,-0.0,-0.0
2026-01-15,-0.006147540983606592,0.006147540983606592,-0.0,-0.009221311475409888,-0.009221311475409888,-0.009221311475409888,-0.0,-0.0,-0.0
2026-01-16,0.002109704641350185,0.002109704641350185,0.002109704641350185,0.0010548523206750926,-0.0019167435302203638,0.0010548523206750926,0.002109704641350185,0.002109704641350185,-0.0
2026-01-19,0.0,0.0,0.0,0.0,0.0,0.0,0.0,0.0,0.0
2026-01-20,0.0020920502092049986,-0.0020920502092049986,0.0,0.003138075313807498,0.0014054249462933594,0.003138075313807498,0.0,0.0,0.0
2026-01-21,-0.0019920318725099584,-0.0019920318725099584,-0.0019920318725099584,-0.0029880478087649376,-0.00047401607941165364,-0.0029880478087649376,-0.0,-0.0,-0.0
2026-01-22,-0.0,0.0,0.0,0.0,0.0,-0.0,0.0,0.0,0.0
2026-01-23,-0.002024291497975561,-0.002024291497975561,-0.002024291497975561,0.0006221378070953624,0.002240832894794601,0.0015845825052540252,0.0,0.0,0.0
2026-01-26,0.004132231404958553,-0.004132231404958553,-0.0,0.0020661157024792765,-0.002106162024164659,0.0020661157024792765,-0.0,-0.0,-0.0
2026-01-27,0.006276150627615107,0.006276150627615107,0.006276150627615107,0.0031380753138075534,-0.0032481043357058498,0.0031380753138075534,0.006276150627615107,0.006276150627615107,0.006276150627615107
2026-01-28,0.008298755186721962,-0.008298755186721962,0.0,0.012448132780082943,0.002698066490053948,0.012448132780082943,0.0,0.0,0.0
2026-01-29,0.0,0.0,0.0,0.0,-0.0,0.0,0.0,0.0,0.0
2026-01-30,0.004081632653061273,0.004081632653061273,0.004081632653061273,0.0020408163265306367,-0.00612244897959191,0.0020408163265306367,-0.0,-0.0,-0.0
2026-02-02,0.006369426751592355,0.006369426751592355,0.006369426751592355,0.0031847133757961776,-0.008146586746904837,0.0031847133757961776,-0.0,-0.0,0.006369426751592355
2026-02-03,0.002132196162046851,-0.002132196162046851,0.0,0.0031982942430702765,-0.0009731300092586911,0.0031982942430702765,0.0,0.0,0.0
2026-02-04,0.004098360655737876,0.004098360655737876,0.004098360655737876,0.006147540983606814,-0.002049180327868938,0.003834562300195613,0.0,0.0,0.0
2026-02-05,-0.0,-0.0,-0.0,-0.0,-0.0,-0.0,0.0,0.0,0.0
2026-02-06,0.0041407867494824835,0.0041407867494824835,0.0041407867494824835,0.0020703933747412417,0.00013524240297696095,0.0020703933747412417,-0.0,-0.0,-0.0
2026-02-09,0.002020202020202033,0.002020202020202033,0.002020202020202033,0.00303030303030305,-9.147885191478525e-05,0.00303030303030305,0.0,0.0,0.0
2026-02-10,-0.0,-0.0,-0.0,-0.0,-0.0,-0.0,0.0,0.0,0.0
2026-02-11,-0.008247422680412342,-0.008247422680412342,-0.008247422680412342,-0.004123711340206171,-0.00100001851597887,-0.004123711340206171,0.0,0.0,0.0
2026-02-12,-0.004048582995951455,0.004048582995951455,-0.0,-0.006072874493927183,-0.0006244235827122437,-0.006072874493927183,-0.0,-0.0,-0.004048582995951455
2026-02-13,0.006072874493926905,0.006072874493926905,0.006072874493926905,0.009109311740890358,0.007296180425298183,0.009109311740890358,0.0,0.0,0.006072874493926905
2026-02-24,0.0020283975659228792,-0.0020283975659228792,-0.0,0.0010141987829614396,-0.003042596348884319,0.0010141987829614396,-0.0,-0.0,-0.0
2026-02-25,0.002004008016031955,-0.002004008016031955,0.0,0.0030060120240479327,-0.0010020040080159776,0.0030060120240479327,0.002004008016031955,0.002004008016031955,0.002004008016031955
2026-02-26,-0.0,-0.0,-0.0,-0.0,-0.0,-0.0,0.0,0.0,0.0
2026-02-27,-0.0020703933747412417,0.0020703933747412417,0.0,0.0031055900621118626,0.0031055900621118626,0.0031055900621118626,0.0,0.0,-0.0020703933747412417
2026-03-02,-0.0,-0.0,-0.0,-0.0,0.0,-0.0,0.0,0.0,-0.0
2026-03-03,0.002136752136752129,0.002136752136752129,0.002136752136752129,0.0010683760683760646,-0.0008514024402599558,0.0010683760683760646,-0.0,-0.0,0.002136752136752129
2026-03-04,0.002159827213822796,0.002159827213822796,0.002159827213822796,-0.0032397408207341938,-0.001708838444337776,-0.0032397408207341938,-0.0,-0.0,0.002159827213822796
2026-03-05,0.002136752136752351,-0.002136752136752351,0.0,0.003205128205128527,-0.00018650986877344095,0.003205128205128527,0.0,0.0,0.0
2026-03-06,-0.0,0.0,0.0,0.0,0.0,0.0,0.0,0.0,-0.0
2026-03-09,-0.0,0.0,0.0,-0.0,0.0,-0.0,-0.0,-0.0,-0.0
2026-03-10,0.0021459227467810482,-0.0021459227467810482,0.0,0.0032188841201715723,-0.0009377451886801235,0.0032188841201715723,0.0,0.0,0.0
2026-03-11,0.0021459227467810482,0.0021459227467810482,0.0021459227467810482,0.0032188841201715723,0.0032188841201715723,0.0032188841201715723,0.0,0.0,0.0
2026-03-12,-0.0021551724137931494,-0.0021551724137931494,-0.0021551724137931494,0.0028616688240288356,0.0002256533165581418,0.0015273147691422543,0.0,0.0,-0.0021551724137931494
2026-03-13,-0.0021413276231262435,0.0021413276231262435,-0.0,-0.003211991434689365,-0.0021074456975973435,-0.003211991434689365,-0.0,-0.0,-0.0
2026-03-16,-0.0021413276231262435,-0.0021413276231262435,-0.0021413276231262435,-0.003211991434689365,-0.003211991434689365,-0.003211991434689365,-0.0,-0.0,-0.0
2026-03-17,0.002132196162046851,-0.002132196162046851,0.0,0.0031982942430702765,0.0013442377738186486,0.0031982942430702765,0.0,0.0,0.0
2026-03-18,-0.0,0.0,0.0,-0.0,0.0,-0.0,-0.0,-0.0,0.0
2026-03-19,0.004424778761061843,0.004424778761061843,0.004424778761061843,0.0022123893805309214,-0.0053969124179650664,0.0022123893805309214,0.004424778761061843,0.004424778761061843,0.004424778761061843
2026-03-20,0.0022988505747125743,0.0022988505747125743,0.0022988505747125743,0.0011494252873562871,-0.00014808019590182786,0.0011494252873562871,0.0022988505747125743,0.0022988505747125743,0.0022988505747125743
2026-03-23,0.012285012285012442,0.012285012285012442,0.012285012285012442,0.006142506142506221,0.006142506142506221,0.006142506142506221,0.012285012285012442,0.012285012285012442,0.012285012285012442
2026-03-24,0.004914004914004844,0.004914004914004844,0.004914004914004844,0.0073710073710072654,0.0073710073710072654,0.0073710073710072654,0.0,0.0,0.0
2026-03-25,0.0024330900243307862,-0.0024330900243307862,0.0,0.0036496350364961794,-0.0012165450121653931,0.0036496350364961794,0.0,0.0,0.0
2026-03-26,-0.0,-0.0,-0.0,0.0,-0.0,-0.0,0.0,0.0,-0.0
2026-03-27,0.0,-0.0,0.0,0.0,0.0,0.0,0.0,0.0,0.0
2026-03-30,0.0024875621890546595,0.0024875621890546595,0.0024875621890546595,0.0012437810945273298,-7.406827466520799e-05,0.0012437810945273298,0.0024875621890546595,0.0024875621890546595,0.0024875621890546595
2026-03-31,-0.0024999999999999467,0.0024999999999999467,-0.0,-0.00374999999999992,0.0012499999999999734,-0.00374999999999992,-0.0,-0.0,-0.0
2026-04-01,0.002481389578163684,-0.002481389578163684,0.0,0.003722084367245526,-0.0009489418192159776,0.003722084367245526,0.0,0.0,0.0
2026-04-02,0.0025445292620865922,0.0025445292620865922,0.0025445292620865922,0.0012722646310432961,0.00044494799240929646,0.0012722646310432961,0.0025445292620865922,0.0025445292620865922,0.0025445292620865922
2026-04-03,0.0026109660574412663,-0.0026109660574412663,-0.0,0.0013054830287206332,-0.0036689905920438207,0.0013054830287206332,0.0026109660574412663,0.0026109660574412663,0.0026109660574412663
2026-04-07,-0.0,-0.0,-0.0,-0.0,-0.0,-0.0,0.0,0.0,-0.0
2026-04-08,0.0,0.0,0.0,0.0,0.0,0.0,0.0,0.0,0.0
2026-04-09,-0.0,0.0,0.0,-0.0,0.0,-0.0,-0.0,-0.0,-0.0
2026-04-10,-0.002564102564102555,0.002564102564102555,-0.0,-0.0038461538461538325,0.0012820512820512775,-0.0038461538461538325,-0.0,-0.0,-0.0
2026-04-13,-0.0025510204081632404,-0.0025510204081632404,-0.0025510204081632404,-0.0038265306122448606,-0.0038265306122448606,-0.0038265306122448606,-0.0,-0.0,-0.0
2026-04-14,0.004999999999999893,-0.004999999999999893,0.0,0.00749999999999984,-0.0024999999999999467,0.0034486430330755123,0.0,0.0,0.0
2026-04-15,-0.002525252525252597,-0.002525252525252597,-0.002525252525252597,-0.0012626262626262985,-0.0012626262626262985,-0.0012626262626262985,0.0,0.0,0.0
2026-04-16,-0.0,0.0,0.0,-0.0,0.0,-0.0,0.0,0.0,0.0
2026-04-17,0.0,-0.0,0.0,0.0,-0.0,0.0,0.0,0.0,0.0
2026-04-20,-0.0,0.0,0.0,-0.0,0.0,-0.0,-0.0,-0.0,0.0
2026-04-21,-0.0,-0.0,-0.0,-0.0,-0.0,-0.0,0.0,0.0,0.0
2026-04-22,-0.0025839793281652312,-0.0025839793281652312,-0.0025839793281652312,-0.0009573274862146111,-0.0012919896640826156,-0.0012919896640826156,0.0,0.0,-0.0025839793281652312
2026-04-23,0.002617801047120394,0.002617801047120394,0.002617801047120394,0.001308900523560197,0.001308900523560197,0.001308900523560197,0.002617801047120394,0.002617801047120394,0.002617801047120394
2026-04-24,0.0053050397877983935,-0.0053050397877983935,-0.0,0.0026525198938991967,-0.00795755968169759,0.0026525198938991967,0.0053050397877983935,0.0053050397877983935,0.0053050397877983935
2026-04-27,-0.0,0.0,0.0,-0.0,0.0,-0.0,-0.0,-0.0,-0.0
2026-04-28,0.002673796791443861,-0.002673796791443861,0.0,0.004010695187165791,-0.0013368983957219305,0.004010695187165791,0.0,0.0,0.0
2026-04-29,-0.002577319587628857,-0.002577319587628857,-0.002577319587628857,-0.0038659793814432852,-0.0007284892983112352,-0.0038659793814432852,-0.0,-0.0,-0.0
2026-04-30,-0.0025510204081632404,0.0025510204081632404,-0.0,-0.0038265306122448606,0.0012755102040816202,-0.0038265306122448606,-0.0,-0.0,-0.0025510204081632404
2026-05-06,0.0,-0.0,0.0,0.0,-0.0,0.0,0.0,0.0,0.0
2026-05-07,-0.0,0.0,0.0,-0.0,-0.0,-0.0,-0.0,0.0,0.0
2026-05-08,0.005025125628140614,-0.005025125628140614,0.0,0.007537688442210921,-0.002512562814070307,0.007537688442210921,0.0,0.005025125628140614,0.005025125628140614
2026-05-11,0.0,-0.0,0.0,0.0,-0.0,0.0,0.0,0.0,0.0
2026-05-12,-0.007371007371007154,-0.007371007371007154,-0.007371007371007154,-0.003685503685503577,-0.003685503685503577,-0.003685503685503577,0.0,0.0,0.0
2026-05-13,-0.0,-0.0,-0.0,-0.0,0.0,-0.0,0.0,0.0,0.0
2026-05-14,0.005141388174807249,0.005141388174807249,0.005141388174807249,0.0025706940874036244,-0.0005480304479702027,0.0025706940874036244,0.005141388174807249,-0.0,-0.0
2026-05-15,-0.0026525198938991412,-0.0026525198938991412,-0.0026525198938991412,-0.0013262599469495706,-0.0013262599469495706,-0.0005682419713540297,0.0,0.0,-0.0026525198938991412
2026-05-18,-0.0,-0.0,-0.0,-0.0,-0.0,-0.0,-0.0,-0.0,-0.0
2026-05-19,0.0,0.0,0.0,0.0,-0.0,0.0,0.0,0.0,0.0
2026-05-20,-0.0027855153203342198,-0.0027855153203342198,-0.0027855153203342198,-0.0013927576601671099,-8.700325846874156e-05,-0.0013927576601671099,-0.0027855153203342198,-0.0027855153203342198,-0.0027855153203342198
2026-05-21,-0.011396011396011319,0.011396011396011319,-0.0,-0.017094017094016978,-0.0034571805063141115,-0.017094017094016978,-0.0,-0.0,-0.0
2026-05-22,0.005747126436781658,0.005747126436781658,0.005747126436781658,0.002873563218390829,0.002873563218390829,0.002873563218390829,-0.0,-0.0,0.005747126436781658
2026-05-25,-0.0057636887608070175,-0.0057636887608070175,-0.0057636887608070175,-0.0028818443804035088,-0.0028818443804035088,-0.0028818443804035088,0.0,0.0,-0.0057636887608070175
2026-05-26,-0.0,0.0,0.0,-0.0,-0.0,-0.0,0.0,0.0,-0.0
2026-05-27,0.0029940119760478723,0.0029940119760478723,0.0029940119760478723,0.0014970059880239361,0.0014970059880239361,0.0014970059880239361,0.0029940119760478723,0.0029940119760478723,0.0029940119760478723
2026-05-28,0.003030303030303161,-0.003030303030303161,0.0,0.004545454545454741,-0.0015151515151515804,0.004545454545454741,0.0,0.0,0.0
2026-05-29,0.0,-0.0,0.0,0.0,-0.0,0.0,0.0,0.0,0.0
2026-06-01,-0.0,0.0,0.0,-0.0,-0.0,-0.0,-0.0,-0.0,0.0
2026-06-02,-0.002958579881656931,0.002958579881656931,0.0,-0.0014792899408284654,-0.001426739079804088,-0.0014792899408284654,0.0,0.0,-0.002958579881656931
2026-06-03,0.0060606060606061,0.0060606060606061,0.0060606060606061,0.00303030303030305,0.00303030303030305,0.00303030303030305,0.0060606060606061,0.0060606060606061,0.0060606060606061
2026-06-04,0.006269592476489061,-0.006269592476489061,0.0,0.009159234972322758,-0.0031347962382445305,0.0064599115546566,0.0,0.0,0.0
2026-06-05,0.0,-0.0,0.0,0.0,-0.0,0.0,0.0,0.0,0.0
2026-06-08,0.0031746031746030523,-0.0031746031746030523,-0.0,0.0015873015873015262,0.0004704834976261,0.0015873015873015262,-0.0,-0.0,0.0031746031746030523
2026-06-09,-0.0,0.0,0.0,-0.0,-0.0,-0.0,-0.0,-0.0,-0.0
2026-06-10,-0.0031847133757960666,-0.0031847133757960666,-0.0031847133757960666,-0.0015923566878980333,-0.0015923566878980333,-0.0015923566878980333,0.0,0.0,-0.0031847133757960666
2026-06-11,-0.0,-0.0,-0.0,0.0,-0.0,0.0,0.0,0.0,-0.0
2026-06-12,-0.0031746031746031633,0.0031746031746031633,0.0,0.001626822531622144,-0.0008921767906104897,0.0017960961908771186,0.0,0.0,-0.0031746031746031633
2026-06-15,0.0,-0.0,0.0,0.0,-0.0,0.0,0.0,0.0,0.0
2026-06-16,-0.0,-0.0,-0.0,-0.0,-0.0,-0.0,-0.0,-0.0,-0.0
2026-06-17,-0.0,0.0,0.0,-0.0,0.0,-0.0,-0.0,-0.0,-0.0
2026-06-18,0.0,-0.0,0.0,0.0,-0.0,0.0,0.0,0.0,0.0
2026-06-22,-0.006472491909385036,-0.006472491909385036,-0.006472491909385036,-0.003236245954692518,-0.001465006290756732,-0.003236245954692518,-0.006472491909385036,-0.006472491909385036,-0.006472491909385036
2026-06-23,0.0032467532467532756,-0.0032467532467532756,0.0,0.004870129870129913,-0.001086828581323581,0.004870129870129913,0.0,0.0,0.0
2026-06-24,0.003355704697986517,0.003355704697986517,0.003355704697986517,0.0016778523489932584,-0.0015435116729276008,0.0016778523489932584,0.003355704697986517,0.003355704697986517,0.003355704697986517
2026-06-25,-0.003401360544217802,0.003401360544217802,0.0,-0.001700680272108901,0.0016772476859643205,-0.001700680272108901,-0.003401360544217802,-0.003401360544217802,-0.003401360544217802
2026-06-26,-0.0,-0.0,-0.0,-0.0,-0.0,-0.0,0.0,0.0,-0.0
2026-06-29,0.0,-0.0,0.0,0.0,0.0,0.0,0.0,0.0,0.0
2026-06-30,-0.0,-0.0,-0.0,-0.0,0.0,-0.0,-0.0,-0.0,-0.0
